customer_name,product_category,shipping_Cost
AARON BERGMAN,OFFICE SUPPLIES,14.3
AARON BERGMAN,TECHNOLOGY,26.3
AARON HAWKINS,FURNITURE,61.76
AARON HAWKINS,OFFICE SUPPLIES,6.81
AARON HAWKINS,TECHNOLOGY,0.99
AARON SMAYLING,FURNITURE,19.99
AARON SMAYLING,OFFICE SUPPLIES,7.86
AARON SMAYLING,TECHNOLOGY,2.5
ADAM BELLAVANCE,FURNITURE,30.0
ADAM BELLAVANCE,OFFICE SUPPLIES,35.0
ADAM BELLAVANCE,TECHNOLOGY,9.44
ADAM HART,FURNITURE,80.2
ADAM HART,OFFICE SUPPLIES,19.99
ADAM HART,TECHNOLOGY,8.99
ADAM SHILLINGSBURG,FURNITURE,30.0
ADAM SHILLINGSBURG,OFFICE SUPPLIES,7.73
ADAM SHILLINGSBURG,TECHNOLOGY,49.0
ADRIAN BARTON,OFFICE SUPPLIES,6.15
ADRIAN BARTON,TECHNOLOGY,24.49
ADRIAN HANE,OFFICE SUPPLIES,8.99
ADRIAN SHAMI,FURNITURE,58.2
ADRIAN SHAMI,OFFICE SUPPLIES,3.98
ADRIAN SHAMI,TECHNOLOGY,19.99
AIMEE BIXBY,FURNITURE,8.99
AIMEE BIXBY,OFFICE SUPPLIES,3.99
AIMEE BIXBY,TECHNOLOGY,4.0
ALAN BARNES,OFFICE SUPPLIES,7.51
ALAN BARNES,TECHNOLOGY,15.59
ALAN DOMINGUEZ,FURNITURE,3.68
ALAN DOMINGUEZ,OFFICE SUPPLIES,5.79
ALAN DOMINGUEZ,TECHNOLOGY,8.73
ALAN HAINES,FURNITURE,69.0
ALAN HAINES,OFFICE SUPPLIES,19.99
ALAN HAINES,TECHNOLOGY,8.99
ALAN HWANG,FURNITURE,57.2
ALAN HWANG,OFFICE SUPPLIES,35.0
ALAN HWANG,TECHNOLOGY,13.99
ALAN SCHOENBERGER,FURNITURE,70.2
ALAN SCHOENBERGER,OFFICE SUPPLIES,19.99
ALAN SCHOENBERGER,TECHNOLOGY,19.99
ALAN SHONELY,FURNITURE,11.17
ALAN SHONELY,OFFICE SUPPLIES,8.73
ALAN SHONELY,TECHNOLOGY,8.99
ALEJANDRO BALLENTINE,FURNITURE,51.94
ALEJANDRO BALLENTINE,OFFICE SUPPLIES,12.9
ALEJANDRO BALLENTINE,TECHNOLOGY,7.69
ALEJANDRO GROVE,FURNITURE,62.94
ALEJANDRO GROVE,OFFICE SUPPLIES,19.99
ALEJANDRO SAVELY,FURNITURE,54.12
ALEJANDRO SAVELY,OFFICE SUPPLIES,19.99
ALEJANDRO SAVELY,TECHNOLOGY,4.0
ALEKSANDRA GANNAWAY,FURNITURE,16.01
ALEKSANDRA GANNAWAY,OFFICE SUPPLIES,35.0
ALEKSANDRA GANNAWAY,TECHNOLOGY,19.99
ALEX AVILA,FURNITURE,30.0
ALEX AVILA,OFFICE SUPPLIES,49.0
ALEX AVILA,TECHNOLOGY,8.99
ALEX GRAYSON,FURNITURE,54.92
ALEX GRAYSON,OFFICE SUPPLIES,19.99
ALEX GRAYSON,TECHNOLOGY,17.85
ALEX RUSSELL,FURNITURE,45.7
ALEX RUSSELL,OFFICE SUPPLIES,5.0
ALEX RUSSELL,TECHNOLOGY,13.99
ALICE MCCARTHY,FURNITURE,36.09
ALICE MCCARTHY,OFFICE SUPPLIES,9.03
ALICE MCCARTHY,TECHNOLOGY,5.99
ALLEN ARMOLD,OFFICE SUPPLIES,6.14
ALLEN ARMOLD,TECHNOLOGY,56.14
ALLEN GOLDEN,OFFICE SUPPLIES,5.83
ALLEN GOLDEN,TECHNOLOGY,8.99
ALLEN ROSENBLATT,FURNITURE,4.08
ALLEN ROSENBLATT,OFFICE SUPPLIES,8.64
ALLEN ROSENBLATT,TECHNOLOGY,56.14
ALYSSA CROUSE,FURNITURE,89.3
ALYSSA CROUSE,OFFICE SUPPLIES,14.72
ALYSSA CROUSE,TECHNOLOGY,14.7
ALYSSA TATE,OFFICE SUPPLIES,19.99
ALYSSA TATE,TECHNOLOGY,1.1
AMY COX,FURNITURE,69.0
AMY COX,OFFICE SUPPLIES,11.54
AMY COX,TECHNOLOGY,6.24
AMY HUNT,FURNITURE,48.2
AMY HUNT,OFFICE SUPPLIES,19.99
AMY HUNT,TECHNOLOGY,8.99
ANDREW ALLEN,OFFICE SUPPLIES,19.99
ANDREW ALLEN,TECHNOLOGY,4.9
ANDREW GJERTSEN,OFFICE SUPPLIES,7.46
ANDREW ROBERTS,FURNITURE,66.27
ANDREW ROBERTS,OFFICE SUPPLIES,9.17
ANDREW ROBERTS,TECHNOLOGY,8.99
ANDY GERBODE,OFFICE SUPPLIES,19.99
ANDY GERBODE,TECHNOLOGY,12.06
ANDY REITER,FURNITURE,64.73
ANDY REITER,OFFICE SUPPLIES,17.48
ANDY REITER,TECHNOLOGY,24.49
ANDY YOTOV,FURNITURE,35.84
ANDY YOTOV,OFFICE SUPPLIES,15.1
ANEMONE RATNER,FURNITURE,56.2
ANEMONE RATNER,OFFICE SUPPLIES,35.0
ANEMONE RATNER,TECHNOLOGY,4.2
ANGELE HOOD,FURNITURE,48.8
ANGELE HOOD,OFFICE SUPPLIES,19.99
ANN BLUME,FURNITURE,58.2
ANN BLUME,OFFICE SUPPLIES,2.06
ANN BLUME,TECHNOLOGY,55.3
ANN CHONG,OFFICE SUPPLIES,13.26
ANN CHONG,TECHNOLOGY,8.08
ANN STEELE,FURNITURE,110.2
ANN STEELE,OFFICE SUPPLIES,49.0
ANN STEELE,TECHNOLOGY,14.7
ANNA ANDREADI,FURNITURE,69.0
ANNA ANDREADI,OFFICE SUPPLIES,19.99
ANNA ANDREADI,TECHNOLOGY,4.99
ANNA CHUNG,OFFICE SUPPLIES,53.03
ANNA CHUNG,TECHNOLOGY,0.99
ANNA GAYMAN,OFFICE SUPPLIES,4.86
ANNA GAYMAN,TECHNOLOGY,10.78
ANNA HABERLIN,FURNITURE,52.2
ANNA HABERLIN,OFFICE SUPPLIES,8.74
ANNA HABERLIN,TECHNOLOGY,19.99
ANNE MCFARLAND,FURNITURE,5.57
ANNE MCFARLAND,TECHNOLOGY,4.0
ANNE PRYOR,FURNITURE,85.63
ANNE PRYOR,OFFICE SUPPLIES,35.0
ANNE PRYOR,TECHNOLOGY,8.99
ANNIE CYPRUS,FURNITURE,19.19
ANNIE CYPRUS,OFFICE SUPPLIES,6.47
ANNIE CYPRUS,TECHNOLOGY,8.99
ANNIE THURMAN,FURNITURE,5.08
ANNIE THURMAN,OFFICE SUPPLIES,19.99
ANNIE THURMAN,TECHNOLOGY,56.14
ANTHONY GARVERICK,FURNITURE,54.74
ANTHONY GARVERICK,OFFICE SUPPLIES,6.5
ANTHONY GARVERICK,TECHNOLOGY,8.99
ANTHONY JACOBS,FURNITURE,55.81
ANTHONY JACOBS,OFFICE SUPPLIES,5.08
ANTHONY JOHNSON,FURNITURE,6.22
ANTHONY JOHNSON,OFFICE SUPPLIES,23.19
ANTHONY JOHNSON,TECHNOLOGY,19.99
ANTHONY O'DONNELL,FURNITURE,14.45
ANTHONY O'DONNELL,OFFICE SUPPLIES,7.37
ANTHONY O'DONNELL,TECHNOLOGY,14.7
ANTHONY RAWLES,FURNITURE,66.67
ANTHONY RAWLES,OFFICE SUPPLIES,35.0
ANTHONY RAWLES,TECHNOLOGY,24.49
ANTHONY WITT,FURNITURE,69.64
ANTHONY WITT,OFFICE SUPPLIES,2.06
ANTHONY WITT,TECHNOLOGY,10.17
ARIANNE IRVING,FURNITURE,80.2
ARIANNE IRVING,OFFICE SUPPLIES,6.74
ARIANNE IRVING,TECHNOLOGY,7.69
ART FERGUSON,FURNITURE,61.76
ART FERGUSON,OFFICE SUPPLIES,23.19
ART FERGUSON,TECHNOLOGY,5.99
ART FOSTER,FURNITURE,35.67
ART FOSTER,OFFICE SUPPLIES,13.99
ART FOSTER,TECHNOLOGY,26.53
ART MILLER,FURNITURE,44.55
ART MILLER,OFFICE SUPPLIES,8.74
ART MILLER,TECHNOLOGY,24.49
ARTHUR GAINER,FURNITURE,35.89
ARTHUR GAINER,OFFICE SUPPLIES,19.99
ARTHUR GAINER,TECHNOLOGY,4.81
ARTHUR PRICHEP,FURNITURE,60.2
ARTHUR PRICHEP,OFFICE SUPPLIES,35.0
ARTHUR PRICHEP,TECHNOLOGY,5.99
ARTHUR WIEDIGER,OFFICE SUPPLIES,35.0
ARTHUR WIEDIGER,TECHNOLOGY,12.14
ASHLEY JARBOE,FURNITURE,60.0
ASHLEY JARBOE,OFFICE SUPPLIES,9.69
ASHLEY JARBOE,TECHNOLOGY,30.06
ASTREA JONES,FURNITURE,70.2
ASTREA JONES,OFFICE SUPPLIES,10.91
ASTREA JONES,TECHNOLOGY,5.0
BARBARA FISHER,FURNITURE,54.74
BARBARA FISHER,OFFICE SUPPLIES,9.03
BARBARA FISHER,TECHNOLOGY,8.99
BARRY BLUMSTEIN,FURNITURE,18.06
BARRY BLUMSTEIN,OFFICE SUPPLIES,9.71
BARRY BLUMSTEIN,TECHNOLOGY,5.0
BARRY FRANZ,FURNITURE,46.59
BARRY FRANZ,OFFICE SUPPLIES,9.07
BARRY FRANZ,TECHNOLOGY,14.0
BARRY FRENCH,FURNITURE,70.2
BARRY FRENCH,OFFICE SUPPLIES,68.02
BARRY FRENCH,TECHNOLOGY,6.5
BARRY GONZALEZ,FURNITURE,89.3
BARRY GONZALEZ,OFFICE SUPPLIES,8.78
BARRY GONZALEZ,TECHNOLOGY,56.14
BARRY POND,FURNITURE,5.72
BARRY POND,OFFICE SUPPLIES,19.99
BARRY POND,TECHNOLOGY,6.24
BARRY WEIRICH,FURNITURE,58.95
BARRY WEIRICH,OFFICE SUPPLIES,35.0
BARRY WEIRICH,TECHNOLOGY,16.06
BART FOLK,FURNITURE,57.0
BART FOLK,OFFICE SUPPLIES,10.68
BART FOLK,TECHNOLOGY,5.5
BART PISTOLE,OFFICE SUPPLIES,12.62
BART PISTOLE,TECHNOLOGY,1.99
BART WATTERS,OFFICE SUPPLIES,5.47
BART WATTERS,TECHNOLOGY,26.53
BECKY CASTELL,FURNITURE,30.0
BECKY CASTELL,OFFICE SUPPLIES,5.08
BECKY CASTELL,TECHNOLOGY,6.5
BECKY MARTIN,FURNITURE,54.12
BECKY MARTIN,OFFICE SUPPLIES,3.99
BECKY MARTIN,TECHNOLOGY,24.49
BECKY PAK,FURNITURE,89.3
BECKY PAK,OFFICE SUPPLIES,6.05
BECKY PAK,TECHNOLOGY,48.26
BEN FERRER,FURNITURE,4.0
BEN FERRER,OFFICE SUPPLIES,49.0
BEN FERRER,TECHNOLOGY,1.25
BEN PETERMAN,FURNITURE,27.75
BEN PETERMAN,OFFICE SUPPLIES,4.51
BEN PETERMAN,TECHNOLOGY,5.99
BEN WALLACE,FURNITURE,64.59
BEN WALLACE,OFFICE SUPPLIES,19.99
BENJAMIN FARHAT,OFFICE SUPPLIES,12.78
BENJAMIN FARHAT,TECHNOLOGY,28.14
BENJAMIN PATTERSON,FURNITURE,51.94
BENJAMIN PATTERSON,OFFICE SUPPLIES,35.0
BENJAMIN PATTERSON,TECHNOLOGY,8.99
BENJAMIN VENIER,FURNITURE,69.55
BENJAMIN VENIER,OFFICE SUPPLIES,91.05
BENJAMIN VENIER,TECHNOLOGY,5.99
BERENIKE KAMPE,FURNITURE,13.99
BERENIKE KAMPE,OFFICE SUPPLIES,17.48
BERENIKE KAMPE,TECHNOLOGY,4.81
BETH FRITZLER,FURNITURE,55.96
BETH FRITZLER,OFFICE SUPPLIES,5.17
BETH FRITZLER,TECHNOLOGY,2.5
BETH PAIGE,FURNITURE,21.26
BETH PAIGE,OFFICE SUPPLIES,8.19
BETH PAIGE,TECHNOLOGY,3.3
BETH THOMPSON,FURNITURE,69.64
BETH THOMPSON,OFFICE SUPPLIES,12.98
BETH THOMPSON,TECHNOLOGY,5.26
BILL DONATELLI,FURNITURE,64.2
BILL DONATELLI,OFFICE SUPPLIES,19.99
BILL DONATELLI,TECHNOLOGY,5.5
BILL EPLETT,FURNITURE,70.2
BILL EPLETT,OFFICE SUPPLIES,49.0
BILL EPLETT,TECHNOLOGY,17.86
BILL OVERFELT,FURNITURE,69.0
BILL OVERFELT,OFFICE SUPPLIES,10.75
BILL OVERFELT,TECHNOLOGY,8.65
BILL SHONELY,FURNITURE,66.27
BILL SHONELY,OFFICE SUPPLIES,10.68
BILL SHONELY,TECHNOLOGY,1.99
BILL STEWART,FURNITURE,19.99
BILL STEWART,OFFICE SUPPLIES,49.0
BILL STEWART,TECHNOLOGY,16.06
BILL TYLER,FURNITURE,41.44
BILL TYLER,OFFICE SUPPLIES,19.99
BILL TYLER,TECHNOLOGY,9.02
BOBBY ELIAS,FURNITURE,21.21
BOBBY ELIAS,OFFICE SUPPLIES,17.08
BOBBY ELIAS,TECHNOLOGY,26.53
BOBBY ODEGARD,FURNITURE,3.73
BOBBY ODEGARD,OFFICE SUPPLIES,5.97
BOBBY ODEGARD,TECHNOLOGY,8.08
BOBBY TRAFTON,FURNITURE,52.2
BOBBY TRAFTON,OFFICE SUPPLIES,19.95
BOBBY TRAFTON,TECHNOLOGY,12.14
BRAD EASON,FURNITURE,55.96
BRAD EASON,OFFICE SUPPLIES,19.99
BRAD NORVELL,FURNITURE,84.84
BRAD NORVELL,OFFICE SUPPLIES,5.77
BRAD NORVELL,TECHNOLOGY,6.13
BRAD THOMAS,FURNITURE,80.2
BRAD THOMAS,OFFICE SUPPLIES,19.99
BRAD THOMAS,TECHNOLOGY,19.99
BRADLEY DRUCKER,FURNITURE,21.21
BRADLEY DRUCKER,OFFICE SUPPLIES,19.99
BRADLEY DRUCKER,TECHNOLOGY,56.14
BRADLEY NGUYEN,FURNITURE,43.75
BRADLEY NGUYEN,OFFICE SUPPLIES,7.96
BRADLEY NGUYEN,TECHNOLOGY,19.99
BRADLEY TALBOTT,FURNITURE,89.3
BRADLEY TALBOTT,OFFICE SUPPLIES,2.36
BRADLEY TALBOTT,TECHNOLOGY,1.99
BRENDA BOWMAN,FURNITURE,57.0
BRENDA BOWMAN,OFFICE SUPPLIES,5.94
BRENDA BOWMAN,TECHNOLOGY,6.5
BRENDAN DODSON,FURNITURE,43.75
BRENDAN DODSON,OFFICE SUPPLIES,8.94
BRENDAN DODSON,TECHNOLOGY,24.49
BRENDAN MURRY,FURNITURE,69.0
BRENDAN MURRY,OFFICE SUPPLIES,19.99
BRENDAN MURRY,TECHNOLOGY,28.0
BRENDAN SWEED,FURNITURE,24.49
BRENDAN SWEED,OFFICE SUPPLIES,11.52
BRENDAN SWEED,TECHNOLOGY,14.7
BRIAN DAHLEN,FURNITURE,30.0
BRIAN DAHLEN,OFFICE SUPPLIES,10.05
BRIAN DAHLEN,TECHNOLOGY,6.5
BRIAN DECHERNEY,OFFICE SUPPLIES,7.91
BRIAN DECHERNEY,TECHNOLOGY,8.65
BRIAN DERR,FURNITURE,66.27
BRIAN DERR,OFFICE SUPPLIES,55.24
BRIAN MOSS,OFFICE SUPPLIES,53.03
BRIAN MOSS,TECHNOLOGY,8.99
BRIAN STUGART,FURNITURE,89.3
BRIAN STUGART,OFFICE SUPPLIES,13.22
BRIAN STUGART,TECHNOLOGY,56.14
BRIAN THOMPSON,FURNITURE,4.98
BRIAN THOMPSON,OFFICE SUPPLIES,7.17
BROOKE GILLINGHAM,FURNITURE,61.76
BROOKE GILLINGHAM,OFFICE SUPPLIES,8.22
BROOKE GILLINGHAM,TECHNOLOGY,14.7
BROSINA HOFFMAN,FURNITURE,28.63
BROSINA HOFFMAN,OFFICE SUPPLIES,19.99
BROSINA HOFFMAN,TECHNOLOGY,14.7
BRUCE DEGENHARDT,FURNITURE,52.2
BRUCE DEGENHARDT,OFFICE SUPPLIES,35.0
BRUCE DEGENHARDT,TECHNOLOGY,8.51
BRUCE MONEY,FURNITURE,60.0
BRUCE MONEY,OFFICE SUPPLIES,5.66
BRUCE STEWART,FURNITURE,14.37
BRUCE STEWART,OFFICE SUPPLIES,13.18
BRUCE STEWART,TECHNOLOGY,7.18
BRYAN DAVIS,OFFICE SUPPLIES,35.0
BRYAN MILLS,FURNITURE,64.73
BRYAN MILLS,OFFICE SUPPLIES,49.0
BRYAN MILLS,TECHNOLOGY,13.99
BRYAN SPRUELL,FURNITURE,46.59
BRYAN SPRUELL,OFFICE SUPPLIES,12.39
BRYAN SPRUELL,TECHNOLOGY,8.99
CANDACE MCMAHON,FURNITURE,6.85
CANDACE MCMAHON,OFFICE SUPPLIES,19.99
CARI MACINTYRE,FURNITURE,69.64
CARI MACINTYRE,OFFICE SUPPLIES,17.48
CARI MACINTYRE,TECHNOLOGY,49.0
CARI SAYRE,FURNITURE,69.55
CARI SAYRE,OFFICE SUPPLIES,35.0
CARI SAYRE,TECHNOLOGY,14.7
CARI SCHNELLING,FURNITURE,24.49
CARI SCHNELLING,OFFICE SUPPLIES,24.49
CARI SCHNELLING,TECHNOLOGY,1.99
CARL JACKSON,FURNITURE,36.61
CARL JACKSON,OFFICE SUPPLIES,8.99
CARL JACKSON,TECHNOLOGY,1.25
CARL LUDWIG,FURNITURE,8.99
CARL LUDWIG,OFFICE SUPPLIES,13.18
CARL LUDWIG,TECHNOLOGY,49.0
CARL WEISS,FURNITURE,57.0
CARL WEISS,OFFICE SUPPLIES,19.99
CARL WEISS,TECHNOLOGY,8.99
CARLOS DALY,FURNITURE,24.49
CARLOS DALY,OFFICE SUPPLIES,11.37
CARLOS DALY,TECHNOLOGY,69.3
CARLOS MEADOR,FURNITURE,81.98
CARLOS MEADOR,OFFICE SUPPLIES,49.0
CARLOS MEADOR,TECHNOLOGY,8.99
CARLOS SOLTERO,FURNITURE,75.23
CARLOS SOLTERO,OFFICE SUPPLIES,53.03
CARLOS SOLTERO,TECHNOLOGY,24.49
CAROL ADAMS,OFFICE SUPPLIES,7.37
CAROL ADAMS,TECHNOLOGY,19.99
CAROL DARLEY,FURNITURE,41.64
CAROL DARLEY,OFFICE SUPPLIES,19.51
CAROL DARLEY,TECHNOLOGY,5.0
CAROL TRIGGS,FURNITURE,69.0
CAROL TRIGGS,OFFICE SUPPLIES,12.98
CAROL TRIGGS,TECHNOLOGY,4.99
CAROLINE JUMPER,OFFICE SUPPLIES,19.99
CAROLINE JUMPER,TECHNOLOGY,24.49
CASSANDRA BRANDOW,FURNITURE,11.1
CASSANDRA BRANDOW,OFFICE SUPPLIES,16.87
CATHERINE GLOTZBACH,OFFICE SUPPLIES,60.0
CATHERINE GLOTZBACH,TECHNOLOGY,2.5
CATHY ARMSTRONG,FURNITURE,69.0
CATHY ARMSTRONG,OFFICE SUPPLIES,35.0
CATHY ARMSTRONG,TECHNOLOGY,8.08
CATHY HWANG,OFFICE SUPPLIES,8.4
CATHY HWANG,TECHNOLOGY,8.99
CATHY PRESCOTT,FURNITURE,36.61
CATHY PRESCOTT,OFFICE SUPPLIES,19.99
CHAD CUNNINGHAM,OFFICE SUPPLIES,6.93
CHAD MCGUIRE,FURNITURE,6.68
CHAD MCGUIRE,OFFICE SUPPLIES,7.28
CHAD MCGUIRE,TECHNOLOGY,13.99
CHAD SIEVERT,FURNITURE,5.33
CHAD SIEVERT,OFFICE SUPPLIES,99.0
CHAD SIEVERT,TECHNOLOGY,28.14
CHARLES CRESTANI,FURNITURE,110.2
CHARLES CRESTANI,OFFICE SUPPLIES,19.99
CHARLES CRESTANI,TECHNOLOGY,8.99
CHARLES MCCROSSIN,OFFICE SUPPLIES,6.07
CHARLES MCCROSSIN,TECHNOLOGY,24.49
CHARLES SHELDON,FURNITURE,60.2
CHARLES SHELDON,OFFICE SUPPLIES,53.03
CHARLES SHELDON,TECHNOLOGY,13.99
CHARLOTTE MELTON,FURNITURE,14.48
CHARLOTTE MELTON,OFFICE SUPPLIES,11.25
CHARLOTTE MELTON,TECHNOLOGY,13.99
CHLORIS KASTENSMIDT,FURNITURE,44.55
CHLORIS KASTENSMIDT,OFFICE SUPPLIES,13.18
CHLORIS KASTENSMIDT,TECHNOLOGY,11.28
CHRIS CORTES,FURNITURE,8.66
CHRIS CORTES,OFFICE SUPPLIES,9.03
CHRIS CORTES,TECHNOLOGY,56.14
CHRIS MCAFEE,FURNITURE,5.0
CHRIS MCAFEE,OFFICE SUPPLIES,1.6
CHRIS SELESNICK,FURNITURE,24.49
CHRIS SELESNICK,OFFICE SUPPLIES,6.05
CHRIS SELESNICK,TECHNOLOGY,4.99
CHRISTINA ANDERSON,FURNITURE,30.0
CHRISTINA ANDERSON,OFFICE SUPPLIES,19.99
CHRISTINA ANDERSON,TECHNOLOGY,11.64
CHRISTINA DEMOSS,FURNITURE,54.12
CHRISTINA DEMOSS,OFFICE SUPPLIES,45.0
CHRISTINA DEMOSS,TECHNOLOGY,8.99
CHRISTINA VANDERZANDEN,FURNITURE,19.99
CHRISTINA VANDERZANDEN,OFFICE SUPPLIES,55.24
CHRISTINA VANDERZANDEN,TECHNOLOGY,56.14
CHRISTINE ABELMAN,FURNITURE,85.63
CHRISTINE ABELMAN,OFFICE SUPPLIES,19.99
CHRISTINE ABELMAN,TECHNOLOGY,4.9
CHRISTINE KARGATIS,FURNITURE,8.99
CHRISTINE KARGATIS,OFFICE SUPPLIES,0.5
CHRISTINE PHAN,OFFICE SUPPLIES,7.78
CHRISTINE PHAN,TECHNOLOGY,19.99
CHRISTINE SUNDARESAM,FURNITURE,51.92
CHRISTINE SUNDARESAM,OFFICE SUPPLIES,35.0
CHRISTINE SUNDARESAM,TECHNOLOGY,1.99
CHRISTOPHER CONANT,FURNITURE,70.2
CHRISTOPHER CONANT,OFFICE SUPPLIES,49.0
CHRISTOPHER CONANT,TECHNOLOGY,13.99
CHRISTOPHER MARTINEZ,FURNITURE,53.48
CHRISTOPHER MARTINEZ,OFFICE SUPPLIES,49.0
CHRISTOPHER MARTINEZ,TECHNOLOGY,5.5
CHRISTOPHER SCHILD,FURNITURE,18.45
CHRISTOPHER SCHILD,OFFICE SUPPLIES,13.32
CHRISTOPHER SCHILD,TECHNOLOGY,19.99
CHRISTY BRITTAIN,FURNITURE,69.0
CHRISTY BRITTAIN,OFFICE SUPPLIES,35.0
CHRISTY BRITTAIN,TECHNOLOGY,8.99
CHUCK CLARK,FURNITURE,60.0
CHUCK CLARK,OFFICE SUPPLIES,19.99
CHUCK CLARK,TECHNOLOGY,48.26
CHUCK MAGEE,FURNITURE,5.16
CHUCK MAGEE,OFFICE SUPPLIES,11.15
CHUCK MAGEE,TECHNOLOGY,5.5
CHUCK SACHS,FURNITURE,69.0
CHUCK SACHS,OFFICE SUPPLIES,35.0
CHUCK SACHS,TECHNOLOGY,49.0
CINDY CHAPMAN,FURNITURE,43.57
CINDY CHAPMAN,OFFICE SUPPLIES,11.25
CINDY CHAPMAN,TECHNOLOGY,56.14
CINDY SCHNELLING,FURNITURE,54.74
CINDY SCHNELLING,OFFICE SUPPLIES,19.99
CINDY SCHNELLING,TECHNOLOGY,69.3
CINDY STEWART,FURNITURE,69.64
CINDY STEWART,OFFICE SUPPLIES,19.99
CINDY STEWART,TECHNOLOGY,14.0
CLAIRE GOOD,FURNITURE,52.2
CLAIRE GOOD,OFFICE SUPPLIES,7.95
CLAIRE GOOD,TECHNOLOGY,8.99
CLAUDIA MINER,OFFICE SUPPLIES,35.0
CLAUDIA MINER,TECHNOLOGY,17.85
CLAY CHEATHAM,FURNITURE,10.16
CLAY CHEATHAM,OFFICE SUPPLIES,2.99
CLAY CHEATHAM,TECHNOLOGY,49.0
CLAY LUDTKE,FURNITURE,60.0
CLAY LUDTKE,OFFICE SUPPLIES,13.89
CLAY LUDTKE,TECHNOLOGY,8.99
CLAY ROZENDAL,OFFICE SUPPLIES,6.81
CLAY ROZENDAL,TECHNOLOGY,3.99
CLYTIE KELTY,FURNITURE,18.06
CLYTIE KELTY,OFFICE SUPPLIES,14.3
CLYTIE KELTY,TECHNOLOGY,49.0
COREY CATLETT,FURNITURE,64.66
COREY CATLETT,OFFICE SUPPLIES,35.0
COREY CATLETT,TECHNOLOGY,2.5
COREY LOCK,FURNITURE,89.3
COREY LOCK,OFFICE SUPPLIES,60.0
COREY LOCK,TECHNOLOGY,5.92
COREY ROPER,FURNITURE,35.84
COREY ROPER,OFFICE SUPPLIES,5.49
COREY ROPER,TECHNOLOGY,8.59
CORINNA MITCHELL,FURNITURE,64.73
CORINNA MITCHELL,OFFICE SUPPLIES,9.68
CORINNA MITCHELL,TECHNOLOGY,14.0
CRAIG CARREIRA,TECHNOLOGY,24.49
CRAIG CARROLL,OFFICE SUPPLIES,35.0
CRAIG LESLIE,FURNITURE,30.0
CRAIG LESLIE,OFFICE SUPPLIES,19.99
CRAIG LESLIE,TECHNOLOGY,24.49
CRAIG MOLINARI,FURNITURE,39.25
CRAIG MOLINARI,OFFICE SUPPLIES,99.0
CRAIG MOLINARI,TECHNOLOGY,5.0
CRAIG RIDER,OFFICE SUPPLIES,9.18
CRAIG RIDER,TECHNOLOGY,13.99
CRAIG YEDWAB,FURNITURE,34.2
CRAIG YEDWAB,OFFICE SUPPLIES,19.99
CRAIG YEDWAB,TECHNOLOGY,8.99
CYMA KINNEY,FURNITURE,5.22
CYMA KINNEY,OFFICE SUPPLIES,8.99
CYNTHIA ARNTZEN,FURNITURE,53.48
CYNTHIA ARNTZEN,OFFICE SUPPLIES,8.19
CYNTHIA ARNTZEN,TECHNOLOGY,8.99
CYNTHIA DELANEY,FURNITURE,32.48
CYNTHIA DELANEY,OFFICE SUPPLIES,9.03
CYNTHIA DELANEY,TECHNOLOGY,19.99
CYNTHIA VOLTZ,FURNITURE,69.0
CYNTHIA VOLTZ,OFFICE SUPPLIES,8.99
CYNTHIA VOLTZ,TECHNOLOGY,4.0
CYRA REITEN,OFFICE SUPPLIES,5.33
CYRA REITEN,TECHNOLOGY,24.49
DAMALA KOTSONIS,FURNITURE,58.95
DAMALA KOTSONIS,OFFICE SUPPLIES,15.66
DAMALA KOTSONIS,TECHNOLOGY,6.3
DAN CAMPBELL,FURNITURE,45.7
DAN CAMPBELL,OFFICE SUPPLIES,49.0
DAN CAMPBELL,TECHNOLOGY,5.99
DAN LAWERA,FURNITURE,64.2
DAN LAWERA,OFFICE SUPPLIES,19.99
DAN LAWERA,TECHNOLOGY,28.14
DAN REICHENBACH,FURNITURE,8.66
DAN REICHENBACH,OFFICE SUPPLIES,5.97
DANA KAYDOS,FURNITURE,70.2
DANA KAYDOS,OFFICE SUPPLIES,35.0
DANA KAYDOS,TECHNOLOGY,8.99
DANIEL BYRD,FURNITURE,56.7
DANIEL BYRD,OFFICE SUPPLIES,19.99
DANIEL BYRD,TECHNOLOGY,6.5
DANIEL LACY,FURNITURE,14.19
DANIEL LACY,OFFICE SUPPLIES,8.94
DANIEL LACY,TECHNOLOGY,8.99
DANIEL RAGLIN,FURNITURE,26.74
DANIEL RAGLIN,OFFICE SUPPLIES,12.62
DARIO MEDINA,OFFICE SUPPLIES,11.54
DARIO MEDINA,TECHNOLOGY,24.49
DARREN BUDD,FURNITURE,68.02
DARREN BUDD,TECHNOLOGY,24.49
DARREN KOUTRAS,OFFICE SUPPLIES,45.0
DARREN KOUTRAS,TECHNOLOGY,1.25
DARREN POWERS,FURNITURE,37.58
DARREN POWERS,OFFICE SUPPLIES,45.0
DARREN POWERS,TECHNOLOGY,30.06
DARRIN MARTIN,OFFICE SUPPLIES,35.0
DARRIN MARTIN,TECHNOLOGY,28.0
DARRIN SAYRE,FURNITURE,9.2
DARRIN SAYRE,OFFICE SUPPLIES,99.0
DARRIN SAYRE,TECHNOLOGY,28.06
DARRIN VAN HUFF,OFFICE SUPPLIES,7.73
DARRIN VAN HUFF,TECHNOLOGY,8.08
DAVE BROOKS,FURNITURE,69.64
DAVE BROOKS,OFFICE SUPPLIES,9.71
DAVE HALLSTEN,FURNITURE,69.0
DAVE HALLSTEN,OFFICE SUPPLIES,19.99
DAVE HALLSTEN,TECHNOLOGY,5.89
DAVE KIPP,FURNITURE,57.38
DAVE KIPP,OFFICE SUPPLIES,14.72
DAVE KIPP,TECHNOLOGY,29.7
DAVE POIRIER,FURNITURE,35.89
DAVE POIRIER,OFFICE SUPPLIES,19.99
DAVE POIRIER,TECHNOLOGY,10.25
DAVID BREMER,FURNITURE,8.99
DAVID BREMER,OFFICE SUPPLIES,5.46
DAVID BREMER,TECHNOLOGY,4.2
DAVID FLASHING,FURNITURE,69.0
DAVID FLASHING,OFFICE SUPPLIES,5.94
DAVID FLASHING,TECHNOLOGY,4.0
DAVID KENDRICK,FURNITURE,56.2
DAVID KENDRICK,OFFICE SUPPLIES,12.62
DAVID PHILIPPE,FURNITURE,9.2
DAVID PHILIPPE,OFFICE SUPPLIES,5.83
DAVID PHILIPPE,TECHNOLOGY,29.7
DAVID SMITH,OFFICE SUPPLIES,5.03
DAVID SMITH,TECHNOLOGY,6.55
DAVID WIENER,FURNITURE,8.99
DAVID WIENER,OFFICE SUPPLIES,8.88
DAVID WIENER,TECHNOLOGY,19.99
DEAN BRADEN,TECHNOLOGY,17.85
DEAN KATZ,FURNITURE,85.63
DEAN KATZ,OFFICE SUPPLIES,5.79
DEAN PERCER,FURNITURE,35.89
DEAN PERCER,OFFICE SUPPLIES,11.37
DEAN PERCER,TECHNOLOGY,24.49
DEANRA ENO,FURNITURE,85.63
DEANRA ENO,OFFICE SUPPLIES,42.52
DEANRA ENO,TECHNOLOGY,7.11
DEBORAH BRUMFIELD,FURNITURE,70.2
DEBORAH BRUMFIELD,OFFICE SUPPLIES,49.0
DEBORAH BRUMFIELD,TECHNOLOGY,24.49
DEBRA CATINI,FURNITURE,76.37
DEBRA CATINI,OFFICE SUPPLIES,5.83
DEBRA CATINI,TECHNOLOGY,1.99
DEIRDRE GREER,OFFICE SUPPLIES,6.92
DEIRDRE GREER,TECHNOLOGY,26.3
DELFINA LATCHFORD,OFFICE SUPPLIES,17.48
DELFINA LATCHFORD,TECHNOLOGY,5.31
DENISE LEINENBACH,FURNITURE,45.7
DENISE LEINENBACH,OFFICE SUPPLIES,8.99
DENISE MONTON,FURNITURE,64.2
DENISE MONTON,OFFICE SUPPLIES,14.72
DENISE MONTON,TECHNOLOGY,7.18
DENNIS BOLTON,FURNITURE,6.67
DENNIS BOLTON,OFFICE SUPPLIES,13.32
DENNIS BOLTON,TECHNOLOGY,16.63
DENNIS KANE,FURNITURE,69.55
DENNIS KANE,OFFICE SUPPLIES,19.99
DENNIS KANE,TECHNOLOGY,49.0
DENNIS PARDUE,FURNITURE,46.59
DENNIS PARDUE,OFFICE SUPPLIES,19.99
DENNIS PARDUE,TECHNOLOGY,8.99
DENNY BLANTON,FURNITURE,76.37
DENNY BLANTON,OFFICE SUPPLIES,7.54
DENNY BLANTON,TECHNOLOGY,19.99
DENNY JOY,FURNITURE,89.3
DENNY JOY,OFFICE SUPPLIES,8.99
DENNY JOY,TECHNOLOGY,49.0
DENNY ORDWAY,FURNITURE,36.61
DENNY ORDWAY,OFFICE SUPPLIES,6.75
DENNY ORDWAY,TECHNOLOGY,28.06
DIANNA ARNETT,FURNITURE,21.21
DIANNA ARNETT,OFFICE SUPPLIES,5.66
DIANNA ARNETT,TECHNOLOGY,3.3
DIANNA VITTORINI,FURNITURE,27.75
DIANNA VITTORINI,OFFICE SUPPLIES,7.46
DIANNA VITTORINI,TECHNOLOGY,48.26
DIANNA WILSON,FURNITURE,30.0
DIANNA WILSON,OFFICE SUPPLIES,13.18
DIANNA WILSON,TECHNOLOGY,7.18
DIONIS LLOYD,FURNITURE,62.94
DIONIS LLOYD,OFFICE SUPPLIES,15.1
DIONIS LLOYD,TECHNOLOGY,5.03
DON JONES,OFFICE SUPPLIES,13.99
DON JONES,TECHNOLOGY,29.7
DON MILLER,FURNITURE,41.91
DON MILLER,OFFICE SUPPLIES,23.19
DON MILLER,TECHNOLOGY,4.38
DON WEISS,FURNITURE,89.3
DON WEISS,OFFICE SUPPLIES,6.75
DOROTHY BADDERS,FURNITURE,69.0
DOROTHY BADDERS,OFFICE SUPPLIES,35.0
DOROTHY BADDERS,TECHNOLOGY,17.85
DOROTHY DICKINSON,OFFICE SUPPLIES,0.94
DOROTHY WARDLE,FURNITURE,57.38
DOROTHY WARDLE,OFFICE SUPPLIES,13.99
DOROTHY WARDLE,TECHNOLOGY,29.7
DORRIS LOVE,OFFICE SUPPLIES,9.86
DORRIS LOVE,TECHNOLOGY,8.65
DOUG BICKFORD,FURNITURE,66.27
DOUG BICKFORD,OFFICE SUPPLIES,19.99
DOUG BICKFORD,TECHNOLOGY,6.55
DOUG JACOBS,FURNITURE,24.49
DOUG JACOBS,OFFICE SUPPLIES,19.99
DOUG JACOBS,TECHNOLOGY,5.26
DOUG O'CONNELL,FURNITURE,14.37
DOUG O'CONNELL,OFFICE SUPPLIES,4.53
DUANE BENOIT,FURNITURE,42.0
DUANE BENOIT,OFFICE SUPPLIES,91.05
DUANE BENOIT,TECHNOLOGY,14.7
DUANE HUFFMAN,FURNITURE,64.2
DUANE HUFFMAN,OFFICE SUPPLIES,35.0
DUANE HUFFMAN,TECHNOLOGY,8.99
DUANE NOONAN,FURNITURE,54.92
DUANE NOONAN,OFFICE SUPPLIES,6.6
DUANE NOONAN,TECHNOLOGY,29.7
ED BRAXTON,FURNITURE,70.2
ED BRAXTON,OFFICE SUPPLIES,53.03
ED BRAXTON,TECHNOLOGY,24.49
ED JACOBS,FURNITURE,42.0
ED JACOBS,OFFICE SUPPLIES,7.72
ED JACOBS,TECHNOLOGY,4.99
ED LUDWIG,FURNITURE,14.45
ED LUDWIG,OFFICE SUPPLIES,19.99
ED LUDWIG,TECHNOLOGY,17.86
EDWARD BECKER,OFFICE SUPPLIES,7.91
EDWARD BECKER,TECHNOLOGY,24.49
EDWARD HOOKS,FURNITURE,54.12
EDWARD HOOKS,OFFICE SUPPLIES,9.73
EDWARD HOOKS,TECHNOLOGY,28.06
EDWARD NAZZAL,FURNITURE,64.73
EDWARD NAZZAL,OFFICE SUPPLIES,24.49
EDWARD NAZZAL,TECHNOLOGY,4.0
EILEEN KIEFER,FURNITURE,69.64
EILEEN KIEFER,OFFICE SUPPLIES,35.0
EILEEN KIEFER,TECHNOLOGY,13.99
ELENI MCCRARY,FURNITURE,61.76
ELENI MCCRARY,OFFICE SUPPLIES,8.29
ELENI MCCRARY,TECHNOLOGY,1.99
ELIZABETH MOFFITT,FURNITURE,35.84
ELIZABETH MOFFITT,OFFICE SUPPLIES,2.15
ELIZABETH MOFFITT,TECHNOLOGY,8.99
ELLIS BALLARD,FURNITURE,34.2
ELLIS BALLARD,OFFICE SUPPLIES,5.37
ELLIS BALLARD,TECHNOLOGY,16.63
ELPIDA RITTENBACH,OFFICE SUPPLIES,17.48
ELPIDA RITTENBACH,TECHNOLOGY,19.99
EMILY BURNS,FURNITURE,4.98
EMILY BURNS,OFFICE SUPPLIES,6.89
EMILY DUCICH,FURNITURE,39.0
EMILY DUCICH,OFFICE SUPPLIES,49.0
EMILY DUCICH,TECHNOLOGY,13.99
EMILY GRADY,FURNITURE,15.9
EMILY GRADY,OFFICE SUPPLIES,19.99
EMILY GRADY,TECHNOLOGY,8.99
EMILY PHAN,FURNITURE,54.74
EMILY PHAN,OFFICE SUPPLIES,8.99
EMILY PHAN,TECHNOLOGY,48.26
ERIC BARRETO,FURNITURE,69.0
ERIC BARRETO,OFFICE SUPPLIES,16.11
ERIC BARRETO,TECHNOLOGY,19.99
ERIC HOFFMANN,FURNITURE,11.1
ERIC HOFFMANN,OFFICE SUPPLIES,19.99
ERIC HOFFMANN,TECHNOLOGY,8.99
ERIC MURDOCK,OFFICE SUPPLIES,6.35
ERIC MURDOCK,TECHNOLOGY,5.92
ERICA BERN,FURNITURE,147.12
ERICA BERN,OFFICE SUPPLIES,19.99
ERICA BERN,TECHNOLOGY,49.0
ERICA HACKNEY,FURNITURE,14.87
ERICA HACKNEY,OFFICE SUPPLIES,6.16
ERICA HACKNEY,TECHNOLOGY,7.18
ERICA HERNANDEZ,FURNITURE,30.0
ERICA HERNANDEZ,OFFICE SUPPLIES,19.99
ERICA HERNANDEZ,TECHNOLOGY,5.31
ERICA SMITH,FURNITURE,54.12
ERICA SMITH,OFFICE SUPPLIES,91.05
ERICA SMITH,TECHNOLOGY,8.99
ERIN ASHBROOK,OFFICE SUPPLIES,9.83
ERIN ASHBROOK,TECHNOLOGY,19.99
ERIN CREIGHTON,FURNITURE,61.76
ERIN CREIGHTON,OFFICE SUPPLIES,9.69
ERIN CREIGHTON,TECHNOLOGY,13.99
ERIN MULL,FURNITURE,66.67
ERIN MULL,OFFICE SUPPLIES,19.99
ERIN MULL,TECHNOLOGY,15.59
ERIN SMITH,FURNITURE,35.02
ERIN SMITH,OFFICE SUPPLIES,0.97
ERIN SMITH,TECHNOLOGY,4.99
EUDOKIA MARTIN,FURNITURE,2.83
EUDOKIA MARTIN,OFFICE SUPPLIES,19.99
EUDOKIA MARTIN,TECHNOLOGY,11.25
EUGENE BARCHAS,FURNITURE,30.0
EUGENE BARCHAS,OFFICE SUPPLIES,12.98
EUGENE BARCHAS,TECHNOLOGY,33.6
EUGENE HILDEBRAND,FURNITURE,110.2
EUGENE HILDEBRAND,OFFICE SUPPLIES,35.0
EUGENE MOREN,FURNITURE,4.08
EUGENE MOREN,OFFICE SUPPLIES,5.97
EUGENE MOREN,TECHNOLOGY,56.14
EVA JACOBS,FURNITURE,11.54
EVA JACOBS,OFFICE SUPPLIES,35.0
EVA JACOBS,TECHNOLOGY,14.52
EVAN BAILLIET,OFFICE SUPPLIES,9.86
EVAN BAILLIET,TECHNOLOGY,7.51
EVAN HENRY,FURNITURE,5.02
EVAN HENRY,OFFICE SUPPLIES,19.99
EVAN HENRY,TECHNOLOGY,14.52
EVAN MINNOTTE,OFFICE SUPPLIES,8.99
EVAN MINNOTTE,TECHNOLOGY,24.49
FILIA MCADAMS,FURNITURE,64.2
FILIA MCADAMS,OFFICE SUPPLIES,5.74
FILIA MCADAMS,TECHNOLOGY,24.49
FRANK ATKINSON,FURNITURE,84.84
FRANK ATKINSON,OFFICE SUPPLIES,8.99
FRANK ATKINSON,TECHNOLOGY,5.92
FRANK CARLISLE,OFFICE SUPPLIES,6.47
FRANK CARLISLE,TECHNOLOGY,24.49
FRANK GASTINEAU,FURNITURE,70.2
FRANK GASTINEAU,OFFICE SUPPLIES,5.08
FRANK GASTINEAU,TECHNOLOGY,13.99
FRANK HAWLEY,FURNITURE,69.64
FRANK HAWLEY,OFFICE SUPPLIES,35.0
FRANK HAWLEY,TECHNOLOGY,55.3
FRANK MERWIN,FURNITURE,34.2
FRANK MERWIN,OFFICE SUPPLIES,11.37
FRANK MERWIN,TECHNOLOGY,13.99
FRANK OLSEN,FURNITURE,52.2
FRANK OLSEN,OFFICE SUPPLIES,5.8
FRANK OLSEN,TECHNOLOGY,1.99
FRANK PRICE,FURNITURE,6.22
FRANK PRICE,OFFICE SUPPLIES,8.22
FRANK PRICE,TECHNOLOGY,13.99
FRED CHUNG,OFFICE SUPPLIES,19.51
FRED CHUNG,TECHNOLOGY,5.99
FRED HARTON,FURNITURE,21.26
FRED HARTON,OFFICE SUPPLIES,35.0
FRED HARTON,TECHNOLOGY,8.99
FRED HOPKINS,FURNITURE,8.99
FRED HOPKINS,OFFICE SUPPLIES,1.46
FRED HOPKINS,TECHNOLOGY,5.0
FRED MCMATH,FURNITURE,60.2
FRED MCMATH,OFFICE SUPPLIES,12.9
FRED MCMATH,TECHNOLOGY,13.99
FRED WASSERMAN,OFFICE SUPPLIES,19.95
FRED WASSERMAN,TECHNOLOGY,8.99
GARY HANSEN,FURNITURE,19.46
GARY HANSEN,OFFICE SUPPLIES,8.22
GARY HWANG,FURNITURE,70.2
GARY HWANG,OFFICE SUPPLIES,9.47
GARY HWANG,TECHNOLOGY,13.99
GARY MCGARR,FURNITURE,62.94
GARY MCGARR,OFFICE SUPPLIES,8.19
GARY MCGARR,TECHNOLOGY,8.99
GARY MITCHUM,FURNITURE,5.4
GARY MITCHUM,OFFICE SUPPLIES,6.97
GARY ZANDUSKY,FURNITURE,44.55
GARY ZANDUSKY,OFFICE SUPPLIES,11.52
GARY ZANDUSKY,TECHNOLOGY,16.8
GENE HALE,FURNITURE,30.0
GENE HALE,OFFICE SUPPLIES,13.99
GENE HALE,TECHNOLOGY,3.3
GENE MCCLURE,FURNITURE,62.74
GENE MCCLURE,OFFICE SUPPLIES,9.68
GENE MCCLURE,TECHNOLOGY,17.85
GEORGE ASHBROOK,FURNITURE,43.71
GEORGE ASHBROOK,OFFICE SUPPLIES,49.0
GEORGE ASHBROOK,TECHNOLOGY,14.52
GEORGE BELL,FURNITURE,14.83
GEORGE BELL,OFFICE SUPPLIES,5.68
GEORGE BELL,TECHNOLOGY,5.89
GEORGE ZREBASSA,FURNITURE,35.67
GEORGE ZREBASSA,OFFICE SUPPLIES,35.0
GEORGIA ROSENBERG,FURNITURE,4.57
GEORGIA ROSENBERG,OFFICE SUPPLIES,19.99
GEORGIA ROSENBERG,TECHNOLOGY,8.99
GIULIETTA BAPTIST,OFFICE SUPPLIES,5.08
GIULIETTA BAPTIST,TECHNOLOGY,7.18
GIULIETTA DORTCH,FURNITURE,75.23
GIULIETTA DORTCH,OFFICE SUPPLIES,8.99
GIULIETTA DORTCH,TECHNOLOGY,49.0
GIULIETTA WEIMER,FURNITURE,70.2
GIULIETTA WEIMER,OFFICE SUPPLIES,10.05
GIULIETTA WEIMER,TECHNOLOGY,19.99
GRACE KELLY,FURNITURE,3.62
GRACE KELLY,OFFICE SUPPLIES,45.0
GRACE KELLY,TECHNOLOGY,8.99
GRANT CARROLL,FURNITURE,53.48
GRANT CARROLL,OFFICE SUPPLIES,19.99
GRANT CARROLL,TECHNOLOGY,8.99
GRANT DONATELLI,FURNITURE,52.2
GRANT DONATELLI,OFFICE SUPPLIES,14.72
GRANT THORNTON,FURNITURE,14.39
GRANT THORNTON,OFFICE SUPPLIES,6.66
GRANT THORNTON,TECHNOLOGY,19.99
GREG GUTHRIE,FURNITURE,75.23
GREG GUTHRIE,OFFICE SUPPLIES,19.99
GREG HANSEN,FURNITURE,5.0
GREG HANSEN,OFFICE SUPPLIES,19.99
GREG HANSEN,TECHNOLOGY,2.38
GREG MATTHIAS,FURNITURE,39.0
GREG MATTHIAS,OFFICE SUPPLIES,8.94
GREG MATTHIAS,TECHNOLOGY,14.7
GREG MAXWELL,FURNITURE,43.32
GREG MAXWELL,OFFICE SUPPLIES,2.5
GREG MAXWELL,TECHNOLOGY,2.5
GREG TRAN,FURNITURE,78.64
GREG TRAN,OFFICE SUPPLIES,15.1
GREG TRAN,TECHNOLOGY,1.25
GUY ARMSTRONG,FURNITURE,69.0
GUY ARMSTRONG,OFFICE SUPPLIES,45.0
GUY ARMSTRONG,TECHNOLOGY,7.51
GUY PHONELY,FURNITURE,34.2
GUY PHONELY,OFFICE SUPPLIES,35.0
GUY PHONELY,TECHNOLOGY,56.14
GUY THORNTON,FURNITURE,54.74
GUY THORNTON,OFFICE SUPPLIES,13.18
GUY THORNTON,TECHNOLOGY,8.8
HALLIE REDMOND,FURNITURE,59.24
HALLIE REDMOND,OFFICE SUPPLIES,19.99
HALLIE REDMOND,TECHNOLOGY,29.7
HAROLD DAHLEN,FURNITURE,60.0
HAROLD DAHLEN,OFFICE SUPPLIES,35.0
HAROLD DAHLEN,TECHNOLOGY,24.49
HAROLD ENGLE,FURNITURE,54.92
HAROLD ENGLE,OFFICE SUPPLIES,19.99
HAROLD ENGLE,TECHNOLOGY,28.0
HAROLD PAWLAN,FURNITURE,66.27
HAROLD PAWLAN,OFFICE SUPPLIES,8.22
HAROLD PAWLAN,TECHNOLOGY,8.99
HAROLD RYAN,FURNITURE,30.0
HAROLD RYAN,OFFICE SUPPLIES,19.99
HAROLD RYAN,TECHNOLOGY,6.5
HARRY GREENE,OFFICE SUPPLIES,6.83
HARRY GREENE,TECHNOLOGY,17.86
HARRY MARIE,FURNITURE,64.2
HARRY MARIE,OFFICE SUPPLIES,35.0
HARRY MARIE,TECHNOLOGY,8.51
HEATHER JAS,FURNITURE,6.22
HEATHER JAS,OFFICE SUPPLIES,2.01
HEATHER JAS,TECHNOLOGY,1.99
HEATHER KIRKLAND,OFFICE SUPPLIES,28.66
HEATHER KIRKLAND,TECHNOLOGY,19.99
HELEN ABELMAN,OFFICE SUPPLIES,55.24
HELEN ABELMAN,TECHNOLOGY,8.99
HELEN ANDREADA,FURNITURE,26.74
HELEN ANDREADA,OFFICE SUPPLIES,35.0
HELEN ANDREADA,TECHNOLOGY,14.0
HELEN WASSERMAN,FURNITURE,85.63
HELEN WASSERMAN,OFFICE SUPPLIES,35.0
HELEN WASSERMAN,TECHNOLOGY,5.99
HENIA ZYDLO,FURNITURE,80.2
HENIA ZYDLO,OFFICE SUPPLIES,19.99
HENIA ZYDLO,TECHNOLOGY,1.99
HENRY GOLDWYN,FURNITURE,64.73
HENRY GOLDWYN,OFFICE SUPPLIES,7.28
HENRY GOLDWYN,TECHNOLOGY,8.99
HENRY MACALLISTER,FURNITURE,6.22
HENRY MACALLISTER,OFFICE SUPPLIES,1.34
HENRY MACALLISTER,TECHNOLOGY,0.99
HERBERT FLENTYE,FURNITURE,66.67
HERBERT FLENTYE,OFFICE SUPPLIES,15.66
HERBERT FLENTYE,TECHNOLOGY,2.5
HILARY HOLDEN,FURNITURE,57.0
HILARY HOLDEN,OFFICE SUPPLIES,11.59
HILARY HOLDEN,TECHNOLOGY,24.49
HUNTER GLANTZ,FURNITURE,51.94
HUNTER GLANTZ,OFFICE SUPPLIES,15.1
HUNTER LOPEZ,FURNITURE,70.2
HUNTER LOPEZ,OFFICE SUPPLIES,19.99
HUNTER LOPEZ,TECHNOLOGY,28.0
IONIA MCGRATH,FURNITURE,66.27
IONIA MCGRATH,OFFICE SUPPLIES,60.0
IONIA MCGRATH,TECHNOLOGY,6.5
IRENE MADDOX,FURNITURE,30.0
IRENE MADDOX,OFFICE SUPPLIES,6.47
IRENE MADDOX,TECHNOLOGY,8.8
IVAN GIBSON,OFFICE SUPPLIES,7.46
IVAN GIBSON,TECHNOLOGY,8.51
IVAN LISTON,FURNITURE,110.2
IVAN LISTON,OFFICE SUPPLIES,35.0
IVAN LISTON,TECHNOLOGY,28.14
JACK GARZA,FURNITURE,32.48
JACK GARZA,OFFICE SUPPLIES,5.27
JACK GARZA,TECHNOLOGY,9.02
JACK LEBRON,FURNITURE,69.0
JACK LEBRON,OFFICE SUPPLIES,60.0
JACK LEBRON,TECHNOLOGY,24.49
JACK O'BRIANT,FURNITURE,51.94
JACK O'BRIANT,OFFICE SUPPLIES,42.52
JACK O'BRIANT,TECHNOLOGY,24.49
JAMES GALANG,FURNITURE,69.64
JAMES GALANG,OFFICE SUPPLIES,49.0
JAMES GALANG,TECHNOLOGY,8.99
JAMES LANIER,FURNITURE,43.32
JAMES LANIER,OFFICE SUPPLIES,42.52
JAMES LANIER,TECHNOLOGY,6.5
JAMIE FRAZER,FURNITURE,74.35
JAMIE FRAZER,OFFICE SUPPLIES,8.68
JAMIE FRAZER,TECHNOLOGY,5.89
JAMIE KUNITZ,FURNITURE,39.61
JAMIE KUNITZ,OFFICE SUPPLIES,19.99
JANE WACO,OFFICE SUPPLIES,8.99
JANE WACO,TECHNOLOGY,2.79
JANET LEE,FURNITURE,45.51
JANET LEE,OFFICE SUPPLIES,8.68
JANET LEE,TECHNOLOGY,69.3
JANET MARTIN,FURNITURE,58.2
JANET MARTIN,OFFICE SUPPLIES,8.34
JANET MARTIN,TECHNOLOGY,13.99
JANET MOLINARI,OFFICE SUPPLIES,4.08
JANET MOLINARI,TECHNOLOGY,3.85
JAS O'CARROLL,FURNITURE,35.67
JAS O'CARROLL,OFFICE SUPPLIES,8.73
JAS O'CARROLL,TECHNOLOGY,2.5
JASON FORTUNE,FURNITURE,26.0
JASON FORTUNE,OFFICE SUPPLIES,5.68
JASON FORTUNE,TECHNOLOGY,19.99
JASON GROSS,FURNITURE,19.99
JASON GROSS,OFFICE SUPPLIES,5.83
JASON KLAMCZYNSKI,FURNITURE,42.52
JASON KLAMCZYNSKI,OFFICE SUPPLIES,5.14
JASON KLAMCZYNSKI,TECHNOLOGY,2.5
JASPER CACIOPPO,FURNITURE,7.09
JASPER CACIOPPO,OFFICE SUPPLIES,15.09
JASPER CACIOPPO,TECHNOLOGY,24.49
JAY FINE,OFFICE SUPPLIES,49.0
JAY FINE,TECHNOLOGY,1.99
JAY KIMMEL,FURNITURE,39.61
JAY KIMMEL,OFFICE SUPPLIES,19.99
JENNA CAFFEY,FURNITURE,24.49
JENNA CAFFEY,OFFICE SUPPLIES,5.41
JENNA CAFFEY,TECHNOLOGY,24.49
JENNIFER BRAXTON,FURNITURE,66.27
JENNIFER BRAXTON,OFFICE SUPPLIES,19.99
JENNIFER BRAXTON,TECHNOLOGY,19.99
JENNIFER FERGUSON,FURNITURE,69.55
JENNIFER FERGUSON,OFFICE SUPPLIES,16.36
JENNIFER FERGUSON,TECHNOLOGY,14.7
JENNIFER HALLADAY,FURNITURE,3.63
JENNIFER HALLADAY,OFFICE SUPPLIES,19.99
JENNIFER HALLADAY,TECHNOLOGY,17.85
JENNIFER JACKSON,FURNITURE,69.64
JENNIFER JACKSON,OFFICE SUPPLIES,7.96
JENNIFER JACKSON,TECHNOLOGY,14.0
JENNIFER PATT,FURNITURE,59.24
JENNIFER PATT,OFFICE SUPPLIES,11.51
JENNIFER PATT,TECHNOLOGY,56.14
JEREMY ELLISON,FURNITURE,14.36
JEREMY ELLISON,TECHNOLOGY,19.99
JEREMY FARRY,OFFICE SUPPLIES,1.35
JEREMY LONSDALE,FURNITURE,61.76
JEREMY LONSDALE,OFFICE SUPPLIES,5.41
JEREMY LONSDALE,TECHNOLOGY,9.02
JEREMY PISTEK,FURNITURE,4.08
JEREMY PISTEK,OFFICE SUPPLIES,91.05
JEREMY PISTEK,TECHNOLOGY,4.9
JESSICA MYRICK,FURNITURE,60.0
JESSICA MYRICK,OFFICE SUPPLIES,9.03
JESSICA MYRICK,TECHNOLOGY,5.5
JESUS OCAMPO,OFFICE SUPPLIES,8.99
JESUS OCAMPO,TECHNOLOGY,6.5
JILL FJELD,FURNITURE,20.79
JILL FJELD,OFFICE SUPPLIES,10.05
JILL FJELD,TECHNOLOGY,28.0
JILL MATTHIAS,FURNITURE,66.27
JILL MATTHIAS,OFFICE SUPPLIES,8.99
JILL MATTHIAS,TECHNOLOGY,13.99
JILL STEVENSON,FURNITURE,54.31
JILL STEVENSON,OFFICE SUPPLIES,19.99
JILL STEVENSON,TECHNOLOGY,5.26
JIM EPP,FURNITURE,69.55
JIM EPP,OFFICE SUPPLIES,19.99
JIM EPP,TECHNOLOGY,8.99
JIM KARLSSON,FURNITURE,69.0
JIM KARLSSON,OFFICE SUPPLIES,19.99
JIM KARLSSON,TECHNOLOGY,17.85
JIM KRIZ,FURNITURE,10.25
JIM KRIZ,OFFICE SUPPLIES,49.0
JIM KRIZ,TECHNOLOGY,6.5
JIM MITCHUM,FURNITURE,14.37
JIM MITCHUM,OFFICE SUPPLIES,5.5
JIM MITCHUM,TECHNOLOGY,10.78
JIM RADFORD,FURNITURE,50.0
JIM RADFORD,OFFICE SUPPLIES,99.0
JIM RADFORD,TECHNOLOGY,13.99
JIM SINK,FURNITURE,42.52
JIM SINK,OFFICE SUPPLIES,35.0
JIM SINK,TECHNOLOGY,5.26
JOCASTA RUPERT,OFFICE SUPPLIES,8.37
JOCASTA RUPERT,TECHNOLOGY,13.99
JOE ELIJAH,OFFICE SUPPLIES,10.13
JOE ELIJAH,TECHNOLOGY,2.79
JOE KAMBEROVA,FURNITURE,69.64
JOE KAMBEROVA,OFFICE SUPPLIES,5.4
JOEL EATON,FURNITURE,62.94
JOEL EATON,OFFICE SUPPLIES,15.09
JOEL EATON,TECHNOLOGY,2.5
JOEL JENKINS,FURNITURE,6.67
JOEL JENKINS,OFFICE SUPPLIES,9.45
JOHN CASTELL,FURNITURE,64.66
JOHN CASTELL,OFFICE SUPPLIES,19.99
JOHN CASTELL,TECHNOLOGY,48.26
JOHN DRYER,FURNITURE,43.32
JOHN DRYER,OFFICE SUPPLIES,19.99
JOHN DRYER,TECHNOLOGY,6.3
JOHN GRADY,OFFICE SUPPLIES,14.3
JOHN HUSTON,FURNITURE,64.73
JOHN HUSTON,OFFICE SUPPLIES,8.29
JOHN LEE,FURNITURE,66.27
JOHN LEE,OFFICE SUPPLIES,9.47
JOHN LEE,TECHNOLOGY,19.99
JOHN LUCAS,FURNITURE,69.64
JOHN LUCAS,OFFICE SUPPLIES,19.99
JOHN LUCAS,TECHNOLOGY,8.8
JOHN MURRAY,FURNITURE,54.31
JOHN MURRAY,OFFICE SUPPLIES,7.49
JOHN MURRAY,TECHNOLOGY,49.0
JOHN STEVENSON,OFFICE SUPPLIES,49.0
JOHN STEVENSON,TECHNOLOGY,24.49
JONATHAN DOHERTY,FURNITURE,69.55
JONATHAN DOHERTY,OFFICE SUPPLIES,53.03
JONATHAN DOHERTY,TECHNOLOGY,6.13
JONATHAN HOWELL,OFFICE SUPPLIES,7.44
JONATHAN HOWELL,TECHNOLOGY,2.5
JONI BLUMSTEIN,FURNITURE,51.94
JONI BLUMSTEIN,OFFICE SUPPLIES,19.99
JONI BLUMSTEIN,TECHNOLOGY,17.86
JONI SUNDARESAM,OFFICE SUPPLIES,8.29
JONI SUNDARESAM,TECHNOLOGY,2.74
JONI WASSERMAN,FURNITURE,69.0
JONI WASSERMAN,OFFICE SUPPLIES,9.86
JONI WASSERMAN,TECHNOLOGY,9.4
JOSEPH AIRDO,FURNITURE,10.49
JOSEPH AIRDO,OFFICE SUPPLIES,19.99
JOSEPH AIRDO,TECHNOLOGY,8.8
JOSEPH HOLT,FURNITURE,18.06
JOSEPH HOLT,OFFICE SUPPLIES,6.05
JOSEPH HOLT,TECHNOLOGY,6.5
JOY BELL,FURNITURE,58.95
JOY BELL,OFFICE SUPPLIES,49.0
JOY BELL,TECHNOLOGY,1.99
JOY DANIELS,OFFICE SUPPLIES,4.17
JOY DANIELS,TECHNOLOGY,4.2
JOY SMITH,FURNITURE,74.35
JOY SMITH,OFFICE SUPPLIES,19.99
JOY SMITH,TECHNOLOGY,13.99
JULIA BARNETT,FURNITURE,45.51
JULIA BARNETT,OFFICE SUPPLIES,19.99
JULIA BARNETT,TECHNOLOGY,13.99
JULIA DUNBAR,FURNITURE,80.2
JULIA DUNBAR,OFFICE SUPPLIES,19.99
JULIA DUNBAR,TECHNOLOGY,8.99
JULIA WEST,FURNITURE,74.35
JULIANA KROHN,FURNITURE,69.0
JULIANA KROHN,OFFICE SUPPLIES,19.99
JULIANA KROHN,TECHNOLOGY,24.49
JULIE CREIGHTON,OFFICE SUPPLIES,3.37
JULIE CREIGHTON,TECHNOLOGY,8.99
JULIE KRIZ,FURNITURE,41.64
JULIE KRIZ,OFFICE SUPPLIES,19.99
JULIE KRIZ,TECHNOLOGY,24.49
JULIE PRESCOTT,FURNITURE,45.51
JULIE PRESCOTT,OFFICE SUPPLIES,19.99
JULIE PRESCOTT,TECHNOLOGY,24.49
JUSTIN DEGGELLER,OFFICE SUPPLIES,8.99
JUSTIN DEGGELLER,TECHNOLOGY,6.5
JUSTIN ELLISON,FURNITURE,42.52
JUSTIN ELLISON,OFFICE SUPPLIES,49.0
JUSTIN ELLISON,TECHNOLOGY,14.0
JUSTIN HIRSH,FURNITURE,30.0
JUSTIN HIRSH,OFFICE SUPPLIES,49.0
JUSTIN HIRSH,TECHNOLOGY,8.99
JUSTIN KNIGHT,FURNITURE,85.63
JUSTIN KNIGHT,OFFICE SUPPLIES,19.99
JUSTIN KNIGHT,TECHNOLOGY,4.0
JUSTIN MACKENDRICK,FURNITURE,26.0
JUSTIN MACKENDRICK,OFFICE SUPPLIES,35.0
JUSTIN MACKENDRICK,TECHNOLOGY,7.18
KALYCA MEADE,FURNITURE,5.71
KALYCA MEADE,OFFICE SUPPLIES,5.97
KAREN BERN,OFFICE SUPPLIES,6.15
KAREN BERN,TECHNOLOGY,5.53
KAREN CARLISLE,FURNITURE,30.0
KAREN CARLISLE,OFFICE SUPPLIES,19.99
KAREN CARLISLE,TECHNOLOGY,24.49
KAREN DANIELS,FURNITURE,61.76
KAREN DANIELS,OFFICE SUPPLIES,53.03
KAREN DANIELS,TECHNOLOGY,4.0
KAREN FERGUSON,FURNITURE,51.94
KAREN FERGUSON,OFFICE SUPPLIES,35.0
KAREN FERGUSON,TECHNOLOGY,8.99
KAREN SEIO,FURNITURE,43.32
KAREN SEIO,OFFICE SUPPLIES,7.07
KAREN SEIO,TECHNOLOGY,2.79
KARL BROWN,FURNITURE,60.0
KARL BROWN,OFFICE SUPPLIES,23.19
KARL BROWN,TECHNOLOGY,19.99
KATHARINE HARMS,FURNITURE,60.0
KATHARINE HARMS,OFFICE SUPPLIES,6.97
KATHERINE DUCICH,OFFICE SUPPLIES,19.99
KATHERINE DUCICH,TECHNOLOGY,5.92
KATHERINE HUGHES,FURNITURE,4.86
KATHERINE HUGHES,OFFICE SUPPLIES,5.85
KATHERINE HUGHES,TECHNOLOGY,24.49
KATHERINE MURRAY,OFFICE SUPPLIES,9.86
KATHERINE MURRAY,TECHNOLOGY,14.7
KATHERINE NOCKTON,FURNITURE,43.57
KATHERINE NOCKTON,OFFICE SUPPLIES,35.0
KATHERINE NOCKTON,TECHNOLOGY,19.99
KATRINA BAVINGER,FURNITURE,164.73
KATRINA BAVINGER,OFFICE SUPPLIES,2.03
KATRINA BAVINGER,TECHNOLOGY,5.92
KATRINA EDELMAN,OFFICE SUPPLIES,9.68
KATRINA WILLMAN,FURNITURE,45.0
KATRINA WILLMAN,OFFICE SUPPLIES,19.99
KATRINA WILLMAN,TECHNOLOGY,5.03
KEAN NGUYEN,OFFICE SUPPLIES,19.99
KEAN NGUYEN,TECHNOLOGY,9.4
KEAN TAKAHITO,FURNITURE,29.21
KEAN TAKAHITO,OFFICE SUPPLIES,6.27
KEAN TAKAHITO,TECHNOLOGY,13.99
KEAN THORNTON,FURNITURE,45.51
KEAN THORNTON,OFFICE SUPPLIES,19.99
KEAN THORNTON,TECHNOLOGY,1.99
KEITH DAWKINS,FURNITURE,85.63
KEITH DAWKINS,OFFICE SUPPLIES,8.99
KEITH DAWKINS,TECHNOLOGY,69.3
KEITH HERRERA,FURNITURE,51.94
KEITH HERRERA,OFFICE SUPPLIES,8.99
KEITH HERRERA,TECHNOLOGY,33.6
KELLY ANDREADA,FURNITURE,66.67
KELLY ANDREADA,OFFICE SUPPLIES,19.99
KELLY ANDREADA,TECHNOLOGY,8.99
KELLY COLLISTER,FURNITURE,3.68
KELLY COLLISTER,OFFICE SUPPLIES,11.15
KELLY LAMPKIN,FURNITURE,30.0
KELLY LAMPKIN,OFFICE SUPPLIES,49.0
KELLY LAMPKIN,TECHNOLOGY,3.99
KELLY WILLIAMS,FURNITURE,70.2
KELLY WILLIAMS,OFFICE SUPPLIES,19.99
KELLY WILLIAMS,TECHNOLOGY,5.26
KEN BLACK,FURNITURE,36.61
KEN BLACK,OFFICE SUPPLIES,6.64
KEN BRENNAN,FURNITURE,56.2
KEN BRENNAN,OFFICE SUPPLIES,99.0
KEN BRENNAN,TECHNOLOGY,6.13
KEN DANA,FURNITURE,110.2
KEN DANA,OFFICE SUPPLIES,8.99
KEN DANA,TECHNOLOGY,4.0
KEN HEIDEL,OFFICE SUPPLIES,7.51
KEN HEIDEL,TECHNOLOGY,29.7
KEN LONSDALE,FURNITURE,4.98
KEN LONSDALE,OFFICE SUPPLIES,11.63
KEN LONSDALE,TECHNOLOGY,13.99
KHLOE MILLER,FURNITURE,69.64
KHLOE MILLER,OFFICE SUPPLIES,49.0
KIMBERLY CARTER,FURNITURE,23.58
KIMBERLY CARTER,OFFICE SUPPLIES,13.99
KIMBERLY CARTER,TECHNOLOGY,8.99
KRISTEN HASTINGS,FURNITURE,69.64
KRISTEN HASTINGS,OFFICE SUPPLIES,17.78
KRISTEN HASTINGS,TECHNOLOGY,9.4
KRISTINA NUNN,FURNITURE,46.74
KRISTINA NUNN,OFFICE SUPPLIES,35.0
KRISTINA NUNN,TECHNOLOGY,4.2
LARRY BLACKS,FURNITURE,30.0
LARRY BLACKS,OFFICE SUPPLIES,6.89
LARRY BLACKS,TECHNOLOGY,5.53
LARRY HUGHES,OFFICE SUPPLIES,12.9
LARRY HUGHES,TECHNOLOGY,5.03
LARRY TRON,FURNITURE,58.92
LARRY TRON,OFFICE SUPPLIES,19.99
LARRY TRON,TECHNOLOGY,19.99
LAURA ARMSTRONG,FURNITURE,46.2
LAURA ARMSTRONG,OFFICE SUPPLIES,35.0
LAUREL BELTRAN,OFFICE SUPPLIES,12.98
LAUREL BELTRAN,TECHNOLOGY,24.49
LAUREL ELLISTON,FURNITURE,8.99
LAUREL ELLISTON,OFFICE SUPPLIES,35.0
LAUREL ELLISTON,TECHNOLOGY,55.3
LAUREL WORKMAN,FURNITURE,3.68
LAUREL WORKMAN,OFFICE SUPPLIES,5.41
LAUREL WORKMAN,TECHNOLOGY,24.49
LAUREN LEATHERBURY,FURNITURE,74.35
LAUREN LEATHERBURY,OFFICE SUPPLIES,13.99
LAUREN LEATHERBURY,TECHNOLOGY,9.4
LELA DONOVAN,FURNITURE,14.39
LELA DONOVAN,OFFICE SUPPLIES,60.0
LELA DONOVAN,TECHNOLOGY,28.06
LENA CACIOPPO,FURNITURE,5.16
LENA CACIOPPO,OFFICE SUPPLIES,7.49
LENA CACIOPPO,TECHNOLOGY,2.5
LENA CREIGHTON,FURNITURE,76.37
LENA CREIGHTON,OFFICE SUPPLIES,35.0
LENA CREIGHTON,TECHNOLOGY,19.99
LENA HERNANDEZ,FURNITURE,42.0
LENA HERNANDEZ,OFFICE SUPPLIES,6.22
LENA HERNANDEZ,TECHNOLOGY,8.99
LENA RADFORD,FURNITURE,32.41
LENA RADFORD,OFFICE SUPPLIES,49.0
LENA RADFORD,TECHNOLOGY,5.03
LINDA CAZAMIAS,FURNITURE,8.54
LINDA CAZAMIAS,OFFICE SUPPLIES,4.86
LINDA CAZAMIAS,TECHNOLOGY,7.11
LINDA SOUTHWORTH,FURNITURE,14.19
LINDA SOUTHWORTH,OFFICE SUPPLIES,19.99
LINDA SOUTHWORTH,TECHNOLOGY,8.99
LINDSAY CASTELL,FURNITURE,21.21
LINDSAY CASTELL,OFFICE SUPPLIES,24.49
LINDSAY CASTELL,TECHNOLOGY,14.52
LINDSAY SHAGIARI,OFFICE SUPPLIES,68.02
LINDSAY SHAGIARI,TECHNOLOGY,13.99
LINDSAY WILLIAMS,TECHNOLOGY,13.99
LISA DECHERNEY,FURNITURE,110.2
LISA DECHERNEY,OFFICE SUPPLIES,35.0
LISA DECHERNEY,TECHNOLOGY,8.99
LISA HAZARD,FURNITURE,20.79
LISA HAZARD,OFFICE SUPPLIES,7.01
LISA HAZARD,TECHNOLOGY,8.99
LISA RYAN,FURNITURE,57.0
LISA RYAN,OFFICE SUPPLIES,14.3
LIZ CARLISLE,OFFICE SUPPLIES,5.46
LIZ CARLISLE,TECHNOLOGY,14.52
LIZ MACKENDRICK,FURNITURE,60.2
LIZ MACKENDRICK,OFFICE SUPPLIES,49.0
LIZ MACKENDRICK,TECHNOLOGY,16.06
LIZ PELLETIER,FURNITURE,89.3
LIZ PELLETIER,OFFICE SUPPLIES,60.0
LIZ PELLETIER,TECHNOLOGY,8.99
LIZ PRICE,FURNITURE,48.8
LIZ PRICE,OFFICE SUPPLIES,7.5
LIZ PRICE,TECHNOLOGY,7.51
LIZ THOMPSON,OFFICE SUPPLIES,6.28
LIZ WILLINGHAM,FURNITURE,29.21
LIZ WILLINGHAM,OFFICE SUPPLIES,53.03
LIZ WILLINGHAM,TECHNOLOGY,8.99
LOGAN CURRIE,FURNITURE,70.2
LOGAN CURRIE,OFFICE SUPPLIES,6.47
LOGAN HAUSHALTER,FURNITURE,39.61
LOGAN HAUSHALTER,OFFICE SUPPLIES,19.99
LOGAN HAUSHALTER,TECHNOLOGY,24.49
LORI OLSON,FURNITURE,7.58
LORI OLSON,OFFICE SUPPLIES,7.57
LORI OLSON,TECHNOLOGY,1.99
LUKE FOSTER,FURNITURE,42.52
LUKE FOSTER,OFFICE SUPPLIES,8.64
LUKE FOSTER,TECHNOLOGY,6.5
LUKE SCHMIDT,FURNITURE,69.0
LUKE SCHMIDT,OFFICE SUPPLIES,35.0
LUKE SCHMIDT,TECHNOLOGY,7.18
LUKE WEISS,FURNITURE,24.49
LUKE WEISS,OFFICE SUPPLIES,5.17
LUKE WEISS,TECHNOLOGY,14.0
LYCORIS SAUNDERS,FURNITURE,42.52
LYCORIS SAUNDERS,OFFICE SUPPLIES,19.99
LYCORIS SAUNDERS,TECHNOLOGY,24.49
LYNN SMITH,FURNITURE,74.35
LYNN SMITH,OFFICE SUPPLIES,53.03
MAGDELENE MORSE,FURNITURE,59.81
MAGDELENE MORSE,OFFICE SUPPLIES,19.99
MAGDELENE MORSE,TECHNOLOGY,8.8
MARC CRIER,FURNITURE,57.0
MARC CRIER,OFFICE SUPPLIES,12.79
MARC CRIER,TECHNOLOGY,33.6
MARC HARRIGAN,OFFICE SUPPLIES,5.14
MARC HARRIGAN,TECHNOLOGY,5.92
MARIA BERTELSON,FURNITURE,66.27
MARIA BERTELSON,OFFICE SUPPLIES,19.99
MARIA BERTELSON,TECHNOLOGY,28.14
MARIA ETEZADI,TECHNOLOGY,8.59
MARIA ZETTNER,FURNITURE,7.98
MARIA ZETTNER,OFFICE SUPPLIES,17.08
MARIA ZETTNER,TECHNOLOGY,29.7
MARIBETH DONA,FURNITURE,57.38
MARIBETH DONA,OFFICE SUPPLIES,35.0
MARIBETH DONA,TECHNOLOGY,49.0
MARIBETH SCHNELLING,FURNITURE,14.39
MARIBETH SCHNELLING,OFFICE SUPPLIES,35.0
MARIBETH SCHNELLING,TECHNOLOGY,1.99
MARIBETH YEDWAB,FURNITURE,46.2
MARIBETH YEDWAB,OFFICE SUPPLIES,24.49
MARIBETH YEDWAB,TECHNOLOGY,8.08
MARINA LICHTENSTEIN,FURNITURE,43.32
MARINA LICHTENSTEIN,OFFICE SUPPLIES,5.25
MARINA LICHTENSTEIN,TECHNOLOGY,13.99
MARIS LAWARE,OFFICE SUPPLIES,2.99
MARIS LAWARE,TECHNOLOGY,8.99
MARK COUSINS,FURNITURE,60.0
MARK COUSINS,OFFICE SUPPLIES,35.0
MARK COUSINS,TECHNOLOGY,19.99
MARK HABERLIN,OFFICE SUPPLIES,7.57
MARK HABERLIN,TECHNOLOGY,3.3
MARK HAMILTON,OFFICE SUPPLIES,6.25
MARK HAMILTON,TECHNOLOGY,4.93
MARK PACKER,FURNITURE,13.56
MARK PACKER,OFFICE SUPPLIES,15.1
MARK PACKER,TECHNOLOGY,2.5
MARK VAN HUFF,FURNITURE,7.29
MARK VAN HUFF,OFFICE SUPPLIES,35.0
MARK VAN HUFF,TECHNOLOGY,8.99
MARY O'ROURKE,FURNITURE,8.66
MARY O'ROURKE,OFFICE SUPPLIES,19.99
MARY ZEWE,OFFICE SUPPLIES,17.48
MARY ZEWE,TECHNOLOGY,28.14
MARYBETH SKACH,FURNITURE,8.99
MARYBETH SKACH,OFFICE SUPPLIES,19.99
MARYBETH SKACH,TECHNOLOGY,4.23
MATHEW REESE,FURNITURE,15.68
MATHEW REESE,OFFICE SUPPLIES,53.03
MATHEW REESE,TECHNOLOGY,19.99
MATT ABELMAN,FURNITURE,154.12
MATT ABELMAN,OFFICE SUPPLIES,7.23
MATT ABELMAN,TECHNOLOGY,17.85
MATT COLLINS,FURNITURE,5.03
MATT COLLINS,OFFICE SUPPLIES,11.25
MATT COLLINS,TECHNOLOGY,5.99
MATT COLLISTER,FURNITURE,32.18
MATT COLLISTER,OFFICE SUPPLIES,9.23
MATT COLLISTER,TECHNOLOGY,24.49
MATT CONNELL,FURNITURE,35.84
MATT CONNELL,OFFICE SUPPLIES,19.99
MATT CONNELL,TECHNOLOGY,14.52
MATT HAGELSTEIN,FURNITURE,13.99
MATT HAGELSTEIN,OFFICE SUPPLIES,4.39
MATTHEW CLASEN,FURNITURE,5.3
MATTHEW CLASEN,OFFICE SUPPLIES,15.1
MATTHEW GRINSTEIN,FURNITURE,42.0
MATTHEW GRINSTEIN,OFFICE SUPPLIES,35.0
MATTHEW GRINSTEIN,TECHNOLOGY,24.49
MAUREEN FRITZLER,OFFICE SUPPLIES,19.99
MAUREEN FRITZLER,TECHNOLOGY,8.51
MAUREEN GASTINEAU,FURNITURE,74.35
MAUREEN GASTINEAU,OFFICE SUPPLIES,19.99
MAUREEN GASTINEAU,TECHNOLOGY,7.51
MAUREEN GRACE,TECHNOLOGY,4.9
MAURICE SATTY,OFFICE SUPPLIES,5.5
MAURICE SATTY,TECHNOLOGY,6.5
MAX ENGLE,FURNITURE,4.95
MAX ENGLE,OFFICE SUPPLIES,35.0
MAX ENGLE,TECHNOLOGY,8.99
MAX JONES,FURNITURE,62.74
MAX JONES,OFFICE SUPPLIES,19.99
MAX LUDWIG,FURNITURE,35.67
MAX LUDWIG,OFFICE SUPPLIES,5.97
MAXWELL SCHWARTZ,FURNITURE,30.0
MAXWELL SCHWARTZ,OFFICE SUPPLIES,19.99
MAXWELL SCHWARTZ,TECHNOLOGY,48.26
MAYA HERMAN,FURNITURE,8.78
MAYA HERMAN,OFFICE SUPPLIES,15.1
MAYA HERMAN,TECHNOLOGY,19.99
MEG O'CONNEL,FURNITURE,55.81
MEG O'CONNEL,OFFICE SUPPLIES,10.91
MEG O'CONNEL,TECHNOLOGY,1.25
MEG TILLMAN,FURNITURE,66.67
MEG TILLMAN,OFFICE SUPPLIES,19.99
MEG TILLMAN,TECHNOLOGY,8.99
MELANIE PAGE,FURNITURE,143.71
MELANIE PAGE,OFFICE SUPPLIES,10.75
MELANIE PAGE,TECHNOLOGY,8.99
MICHAEL CHEN,FURNITURE,70.2
MICHAEL CHEN,OFFICE SUPPLIES,35.0
MICHAEL CHEN,TECHNOLOGY,8.99
MICHAEL DOMINGUEZ,FURNITURE,30.0
MICHAEL DOMINGUEZ,OFFICE SUPPLIES,9.54
MICHAEL DOMINGUEZ,TECHNOLOGY,8.99
MICHAEL GRACE,FURNITURE,14.48
MICHAEL GRACE,OFFICE SUPPLIES,19.99
MICHAEL GRACE,TECHNOLOGY,13.99
MICHAEL GRANLUND,FURNITURE,4.0
MICHAEL GRANLUND,OFFICE SUPPLIES,8.6
MICHAEL GRANLUND,TECHNOLOGY,19.99
MICHAEL KENNEDY,OFFICE SUPPLIES,19.99
MICHAEL KENNEDY,TECHNOLOGY,8.99
MICHAEL MOORE,FURNITURE,50.0
MICHAEL MOORE,OFFICE SUPPLIES,7.44
MICHAEL MOORE,TECHNOLOGY,5.26
MICHAEL NGUYEN,OFFICE SUPPLIES,19.99
MICHAEL NGUYEN,TECHNOLOGY,26.53
MICHAEL OAKMAN,FURNITURE,61.76
MICHAEL OAKMAN,OFFICE SUPPLIES,19.99
MICHAEL OAKMAN,TECHNOLOGY,29.7
MICHAEL PAIGE,FURNITURE,4.0
MICHAEL PAIGE,OFFICE SUPPLIES,28.66
MICHAEL PAIGE,TECHNOLOGY,19.99
MICHAEL STEWART,OFFICE SUPPLIES,60.0
MICHAEL STEWART,TECHNOLOGY,5.99
MICHELLE ARNETT,FURNITURE,74.35
MICHELLE ARNETT,OFFICE SUPPLIES,7.01
MICHELLE ARNETT,TECHNOLOGY,3.99
MICHELLE ELLISON,FURNITURE,58.72
MICHELLE ELLISON,OFFICE SUPPLIES,13.32
MICHELLE ELLISON,TECHNOLOGY,13.99
MICHELLE HUTHWAITE,FURNITURE,6.67
MICHELLE HUTHWAITE,OFFICE SUPPLIES,19.99
MICHELLE HUTHWAITE,TECHNOLOGY,24.49
MICHELLE LONSDALE,FURNITURE,87.01
MICHELLE LONSDALE,OFFICE SUPPLIES,15.1
MICHELLE LONSDALE,TECHNOLOGY,8.65
MICHELLE MORAY,FURNITURE,69.64
MICHELLE MORAY,OFFICE SUPPLIES,11.25
MICHELLE MORAY,TECHNOLOGY,14.7
MICHELLE TRAN,FURNITURE,69.0
MICHELLE TRAN,OFFICE SUPPLIES,9.71
MICHELLE TRAN,TECHNOLOGY,4.2
MICK BROWN,FURNITURE,66.27
MICK BROWN,OFFICE SUPPLIES,8.13
MICK BROWN,TECHNOLOGY,5.5
MICK CREBAGGA,FURNITURE,70.2
MICK CREBAGGA,OFFICE SUPPLIES,60.0
MICK CREBAGGA,TECHNOLOGY,8.99
MICK HERNANDEZ,FURNITURE,5.92
MICK HERNANDEZ,OFFICE SUPPLIES,11.25
MIKE CAUDLE,OFFICE SUPPLIES,35.0
MIKE CAUDLE,TECHNOLOGY,5.5
MIKE GOCKENBACH,FURNITURE,51.92
MIKE GOCKENBACH,OFFICE SUPPLIES,7.42
MIKE GOCKENBACH,TECHNOLOGY,1.99
MIKE KENNEDY,FURNITURE,14.48
MIKE KENNEDY,OFFICE SUPPLIES,19.99
MIKE KENNEDY,TECHNOLOGY,15.59
MIKE PELLETIER,FURNITURE,60.2
MIKE PELLETIER,OFFICE SUPPLIES,9.69
MIKE PELLETIER,TECHNOLOGY,8.08
MIKE VITTORINI,FURNITURE,7.94
MIKE VITTORINI,OFFICE SUPPLIES,60.0
MIKE VITTORINI,TECHNOLOGY,28.06
MITCH GASTINEAU,FURNITURE,30.0
MITCH GASTINEAU,OFFICE SUPPLIES,19.99
MITCH GASTINEAU,TECHNOLOGY,8.08
MITCH WEBBER,FURNITURE,110.2
MITCH WEBBER,OFFICE SUPPLIES,9.37
MITCH WEBBER,TECHNOLOGY,13.99
MITCH WILLINGHAM,FURNITURE,19.99
MITCH WILLINGHAM,OFFICE SUPPLIES,35.0
MITCH WILLINGHAM,TECHNOLOGY,14.0
MONICA FEDERLE,FURNITURE,19.99
MONICA FEDERLE,OFFICE SUPPLIES,10.75
MONICA FEDERLE,TECHNOLOGY,1.99
MUHAMMED LEE,FURNITURE,32.41
MUHAMMED LEE,OFFICE SUPPLIES,19.99
MUHAMMED LEE,TECHNOLOGY,30.06
MUHAMMED MACINTYRE,FURNITURE,50.0
MUHAMMED MACINTYRE,OFFICE SUPPLIES,35.0
MUHAMMED MACINTYRE,TECHNOLOGY,9.4
MUHAMMED YEDWAB,FURNITURE,51.42
MUHAMMED YEDWAB,OFFICE SUPPLIES,49.0
MUHAMMED YEDWAB,TECHNOLOGY,24.49
NANCY LOMONACO,FURNITURE,43.71
NANCY LOMONACO,OFFICE SUPPLIES,19.99
NANCY LOMONACO,TECHNOLOGY,7.18
NARESJ PATEL,FURNITURE,8.99
NARESJ PATEL,OFFICE SUPPLIES,49.0
NARESJ PATEL,TECHNOLOGY,48.26
NAT CARROLL,OFFICE SUPPLIES,19.99
NAT CARROLL,TECHNOLOGY,8.08
NAT GILPIN,FURNITURE,19.99
NAT GILPIN,OFFICE SUPPLIES,7.78
NAT GILPIN,TECHNOLOGY,2.5
NATALIE DECHERNEY,OFFICE SUPPLIES,3.04
NATALIE FRITZLER,OFFICE SUPPLIES,8.68
NATALIE FRITZLER,TECHNOLOGY,14.0
NATALIE WEBBER,FURNITURE,54.11
NATALIE WEBBER,OFFICE SUPPLIES,13.89
NATALIE WEBBER,TECHNOLOGY,19.99
NATHAN CANO,FURNITURE,60.0
NATHAN CANO,OFFICE SUPPLIES,7.03
NATHAN CANO,TECHNOLOGY,1.99
NATHAN GELDER,FURNITURE,30.0
NATHAN GELDER,OFFICE SUPPLIES,23.19
NATHAN MAUTZ,FURNITURE,70.2
NATHAN MAUTZ,OFFICE SUPPLIES,9.73
NATHAN MAUTZ,TECHNOLOGY,28.14
NEIL DUCICH,OFFICE SUPPLIES,35.0
NEIL DUCICH,TECHNOLOGY,5.92
NEIL FRENCH,FURNITURE,42.0
NEIL FRENCH,OFFICE SUPPLIES,5.49
NEIL FRENCH,TECHNOLOGY,26.53
NEIL KNUDSON,FURNITURE,45.51
NEIL KNUDSON,OFFICE SUPPLIES,7.73
NEIL KNUDSON,TECHNOLOGY,56.14
NEOLA SCHNEIDER,FURNITURE,66.67
NEOLA SCHNEIDER,OFFICE SUPPLIES,6.18
NEOLA SCHNEIDER,TECHNOLOGY,1.99
NEOMA MURRAY,OFFICE SUPPLIES,8.16
NEOMA MURRAY,TECHNOLOGY,30.06
NICK CREBASSA,FURNITURE,9.87
NICK CREBASSA,OFFICE SUPPLIES,6.25
NICK CREBASSA,TECHNOLOGY,55.3
NICK RADFORD,FURNITURE,70.2
NICK RADFORD,OFFICE SUPPLIES,19.99
NICK ZANDUSKY,FURNITURE,69.64
NICK ZANDUSKY,OFFICE SUPPLIES,11.51
NICK ZANDUSKY,TECHNOLOGY,8.99
NICOLE BRENNAN,FURNITURE,54.74
NICOLE BRENNAN,OFFICE SUPPLIES,49.0
NICOLE BRENNAN,TECHNOLOGY,14.7
NICOLE FJELD,OFFICE SUPPLIES,10.39
NICOLE HANSEN,FURNITURE,69.64
NICOLE HANSEN,OFFICE SUPPLIES,35.0
NOAH CHILDS,OFFICE SUPPLIES,12.98
NOAH CHILDS,TECHNOLOGY,28.06
NOEL STAAVOS,FURNITURE,8.99
NOEL STAAVOS,OFFICE SUPPLIES,19.99
NOEL STAAVOS,TECHNOLOGY,24.49
NONA BALK,FURNITURE,69.64
NONA BALK,OFFICE SUPPLIES,19.99
NONA BALK,TECHNOLOGY,8.99
NORA PAIGE,FURNITURE,52.2
NORA PAIGE,OFFICE SUPPLIES,35.0
NORA PAIGE,TECHNOLOGY,13.99
NORA PELLETIER,FURNITURE,14.36
NORA PELLETIER,OFFICE SUPPLIES,19.99
NORA PELLETIER,TECHNOLOGY,24.49
NORA PRICE,FURNITURE,36.09
NORA PRICE,OFFICE SUPPLIES,19.99
NORA PRICE,TECHNOLOGY,19.99
ODELLA NELSON,FURNITURE,110.2
ODELLA NELSON,OFFICE SUPPLIES,13.18
ODELLA NELSON,TECHNOLOGY,1.99
OLVERA TOCH,FURNITURE,4.0
OLVERA TOCH,OFFICE SUPPLIES,60.0
OLVERA TOCH,TECHNOLOGY,8.99
PAMELA COAKLEY,OFFICE SUPPLIES,0.7
PAMELA COAKLEY,TECHNOLOGY,4.81
PAMELA STOBB,FURNITURE,30.0
PAMELA STOBB,OFFICE SUPPLIES,19.99
PAMELA STOBB,TECHNOLOGY,4.0
PARHENA NORRIS,FURNITURE,4.0
PARHENA NORRIS,OFFICE SUPPLIES,5.09
PARHENA NORRIS,TECHNOLOGY,24.49
PATRICIA HIRASAKI,FURNITURE,8.99
PATRICIA HIRASAKI,OFFICE SUPPLIES,2.99
PATRICIA HIRASAKI,TECHNOLOGY,1.99
PATRICK BZOSTEK,FURNITURE,56.0
PATRICK BZOSTEK,OFFICE SUPPLIES,8.33
PATRICK BZOSTEK,TECHNOLOGY,24.49
PATRICK GARDNER,FURNITURE,5.33
PATRICK GARDNER,OFFICE SUPPLIES,19.99
PATRICK GARDNER,TECHNOLOGY,8.99
PATRICK JONES,FURNITURE,58.64
PATRICK JONES,OFFICE SUPPLIES,19.99
PATRICK JONES,TECHNOLOGY,14.0
PATRICK O'BRILL,OFFICE SUPPLIES,8.22
PATRICK O'BRILL,TECHNOLOGY,14.7
PATRICK O'DONNELL,FURNITURE,43.75
PATRICK O'DONNELL,OFFICE SUPPLIES,10.55
PATRICK O'DONNELL,TECHNOLOGY,7.11
PATRICK RYAN,FURNITURE,6.38
PATRICK RYAN,OFFICE SUPPLIES,49.0
PATRICK RYAN,TECHNOLOGY,5.99
PAUL GONZALEZ,FURNITURE,5.72
PAUL GONZALEZ,OFFICE SUPPLIES,5.14
PAUL KNUTSON,OFFICE SUPPLIES,9.45
PAUL KNUTSON,TECHNOLOGY,49.0
PAUL LUCAS,FURNITURE,48.8
PAUL LUCAS,OFFICE SUPPLIES,19.95
PAUL MACINTYRE,FURNITURE,64.73
PAUL MACINTYRE,OFFICE SUPPLIES,49.0
PAUL MACINTYRE,TECHNOLOGY,3.61
PAUL PROST,OFFICE SUPPLIES,8.99
PAUL PROST,TECHNOLOGY,4.32
PAUL STEVENSON,OFFICE SUPPLIES,35.0
PAUL STEVENSON,TECHNOLOGY,16.71
PAUL VAN HUGH,FURNITURE,85.63
PAUL VAN HUGH,OFFICE SUPPLIES,13.22
PAUL VAN HUGH,TECHNOLOGY,14.7
PAULINE CHAND,FURNITURE,30.0
PAULINE CHAND,OFFICE SUPPLIES,35.0
PAULINE CHAND,TECHNOLOGY,19.99
PAULINE JOHNSON,FURNITURE,36.61
PAULINE JOHNSON,OFFICE SUPPLIES,7.86
PAULINE WEBBER,FURNITURE,69.0
PAULINE WEBBER,OFFICE SUPPLIES,11.25
PAULINE WEBBER,TECHNOLOGY,14.7
PENELOPE SEWALL,FURNITURE,54.12
PENELOPE SEWALL,OFFICE SUPPLIES,8.78
PENELOPE SEWALL,TECHNOLOGY,7.12
PETE ARMSTRONG,FURNITURE,58.95
PETE ARMSTRONG,OFFICE SUPPLIES,6.81
PETE ARMSTRONG,TECHNOLOGY,10.78
PETE KRIZ,FURNITURE,9.2
PETE KRIZ,OFFICE SUPPLIES,5.83
PETE TAKAHITO,FURNITURE,36.61
PETE TAKAHITO,OFFICE SUPPLIES,19.99
PETE TAKAHITO,TECHNOLOGY,5.99
PETER BUHLER,FURNITURE,29.21
PETER BUHLER,OFFICE SUPPLIES,8.22
PETER BUHLER,TECHNOLOGY,4.93
PETER FULLER,FURNITURE,85.63
PETER FULLER,OFFICE SUPPLIES,19.99
PETER FULLER,TECHNOLOGY,19.99
PETER MCVEE,OFFICE SUPPLIES,6.47
PHILIP BROWN,FURNITURE,74.35
PHILIP BROWN,OFFICE SUPPLIES,24.49
PHILIP BROWN,TECHNOLOGY,69.3
PHILIP FOX,OFFICE SUPPLIES,91.05
PHILIP FOX,TECHNOLOGY,5.26
PHILISSE OVERCASH,OFFICE SUPPLIES,8.99
PHILISSE OVERCASH,TECHNOLOGY,24.49
PHILLINA OBER,FURNITURE,58.66
PHILLINA OBER,OFFICE SUPPLIES,2.0
PHILLINA OBER,TECHNOLOGY,4.62
PHILLIP BREYER,OFFICE SUPPLIES,8.19
PHILLIP BREYER,TECHNOLOGY,4.0
PHILLIP FLATHMANN,FURNITURE,69.0
PHILLIP FLATHMANN,OFFICE SUPPLIES,19.99
PHILLIP FLATHMANN,TECHNOLOGY,33.6
PIERRE WENER,OFFICE SUPPLIES,9.18
PIERRE WENER,TECHNOLOGY,5.14
QUINCY JONES,FURNITURE,54.12
QUINCY JONES,OFFICE SUPPLIES,10.68
QUINCY JONES,TECHNOLOGY,56.14
RACHEL PAYNE,OFFICE SUPPLIES,19.99
RACHEL PAYNE,TECHNOLOGY,28.06
RALPH ARNETT,FURNITURE,56.2
RALPH ARNETT,OFFICE SUPPLIES,11.15
RALPH ARNETT,TECHNOLOGY,4.0
RALPH KENNEDY,FURNITURE,40.19
RALPH KENNEDY,OFFICE SUPPLIES,19.99
RALPH KENNEDY,TECHNOLOGY,56.14
RALPH KNIGHT,OFFICE SUPPLIES,14.3
RALPH KNIGHT,TECHNOLOGY,8.99
RANDY BRADLEY,FURNITURE,44.55
RANDY BRADLEY,OFFICE SUPPLIES,7.46
RANDY BRADLEY,TECHNOLOGY,19.99
RANDY FERGUSON,FURNITURE,54.12
RANDY FERGUSON,OFFICE SUPPLIES,35.0
RANDY FERGUSON,TECHNOLOGY,2.5
RAYMOND BOOK,FURNITURE,64.66
RAYMOND BOOK,OFFICE SUPPLIES,19.99
RAYMOND BOOK,TECHNOLOGY,24.49
RAYMOND FAIR,OFFICE SUPPLIES,8.78
RAYMOND FAIR,TECHNOLOGY,8.99
RESI POLKING,FURNITURE,10.16
RESI POLKING,OFFICE SUPPLIES,13.99
RESI POLKING,TECHNOLOGY,24.49
RICARDO BLOCK,FURNITURE,70.2
RICARDO BLOCK,OFFICE SUPPLIES,6.27
RICARDO BLOCK,TECHNOLOGY,1.99
RICARDO EMERSON,FURNITURE,37.58
RICARDO EMERSON,OFFICE SUPPLIES,19.99
RICARDO EMERSON,TECHNOLOGY,3.6
RICHARD BIERNER,OFFICE SUPPLIES,19.99
RICHARD BIERNER,TECHNOLOGY,5.31
RICHARD EICHHORN,FURNITURE,66.27
RICHARD EICHHORN,OFFICE SUPPLIES,10.29
RICHARD EICHHORN,TECHNOLOGY,5.5
RICK BENSLEY,FURNITURE,84.84
RICK BENSLEY,OFFICE SUPPLIES,4.81
RICK BENSLEY,TECHNOLOGY,10.25
RICK DUSTON,FURNITURE,69.64
RICK DUSTON,OFFICE SUPPLIES,24.49
RICK DUSTON,TECHNOLOGY,4.2
RICK HANSEN,FURNITURE,85.63
RICK HANSEN,OFFICE SUPPLIES,10.39
RICK HANSEN,TECHNOLOGY,26.3
RICK HUTHWAITE,FURNITURE,4.0
RICK HUTHWAITE,OFFICE SUPPLIES,5.74
RICK REED,FURNITURE,30.0
RICK REED,OFFICE SUPPLIES,1.0
RICK REED,TECHNOLOGY,24.49
RICK WILSON,FURNITURE,26.22
RICK WILSON,OFFICE SUPPLIES,68.02
RICK WILSON,TECHNOLOGY,55.3
RITSA HIGHTOWER,FURNITURE,110.2
RITSA HIGHTOWER,OFFICE SUPPLIES,19.99
RITSA HIGHTOWER,TECHNOLOGY,24.49
ROB BEEGHLY,FURNITURE,57.38
ROB BEEGHLY,OFFICE SUPPLIES,60.0
ROB BEEGHLY,TECHNOLOGY,3.61
ROB DOWD,FURNITURE,35.89
ROB DOWD,OFFICE SUPPLIES,19.99
ROB DOWD,TECHNOLOGY,13.99
ROB HABERLIN,FURNITURE,30.0
ROB HABERLIN,OFFICE SUPPLIES,23.19
ROB HABERLIN,TECHNOLOGY,12.06
ROB LUCAS,FURNITURE,66.27
ROB LUCAS,OFFICE SUPPLIES,5.34
ROB WILLIAMS,OFFICE SUPPLIES,19.99
ROB WILLIAMS,TECHNOLOGY,2.5
ROBERT BARROSO,FURNITURE,58.92
ROBERT BARROSO,OFFICE SUPPLIES,19.99
ROBERT BARROSO,TECHNOLOGY,28.14
ROBERT DILBECK,FURNITURE,30.0
ROBERT DILBECK,OFFICE SUPPLIES,4.97
ROBERT DILBECK,TECHNOLOGY,1.99
ROBERT MARLEY,FURNITURE,51.94
ROBERT MARLEY,OFFICE SUPPLIES,8.74
ROBERT MARLEY,TECHNOLOGY,7.69
ROBERT WALDORF,FURNITURE,59.24
ROBERT WALDORF,OFFICE SUPPLIES,28.66
ROBERT WALDORF,TECHNOLOGY,6.5
ROGER BARCIO,OFFICE SUPPLIES,4.98
ROGER DEMIR,OFFICE SUPPLIES,8.99
ROGER DEMIR,TECHNOLOGY,24.49
ROLAND BLACK,FURNITURE,36.09
ROLAND BLACK,OFFICE SUPPLIES,49.0
ROLAND BLACK,TECHNOLOGY,48.26
ROLAND FJELD,OFFICE SUPPLIES,8.99
ROLAND FJELD,TECHNOLOGY,1.99
ROLAND MURRAY,OFFICE SUPPLIES,9.45
ROSE O'BRIAN,OFFICE SUPPLIES,5.59
ROSE O'BRIAN,TECHNOLOGY,33.6
ROSS BAIRD,FURNITURE,8.99
ROSS BAIRD,OFFICE SUPPLIES,13.26
ROSS BAIRD,TECHNOLOGY,17.86
ROSS DEVINCENTIS,FURNITURE,26.0
ROSS DEVINCENTIS,OFFICE SUPPLIES,35.0
ROY COLLINS,FURNITURE,6.02
ROY COLLINS,OFFICE SUPPLIES,19.99
ROY COLLINS,TECHNOLOGY,19.99
ROY FRENCH,OFFICE SUPPLIES,55.24
ROY FRENCH,TECHNOLOGY,56.14
ROY PHAN,FURNITURE,24.49
ROY PHAN,OFFICE SUPPLIES,6.83
ROY PHAN,TECHNOLOGY,24.49
ROY SKARIA,FURNITURE,66.27
ROY SKARIA,OFFICE SUPPLIES,19.99
ROY SKARIA,TECHNOLOGY,24.49
RUBEN AUSMAN,FURNITURE,8.78
RUBEN AUSMAN,OFFICE SUPPLIES,8.74
RUBEN AUSMAN,TECHNOLOGY,49.0
RUBEN DARTT,FURNITURE,57.0
RUBEN DARTT,OFFICE SUPPLIES,19.99
RUBEN DARTT,TECHNOLOGY,8.99
RUSSELL APPLEGATE,FURNITURE,29.1
RUSSELL APPLEGATE,OFFICE SUPPLIES,19.99
RUSSELL APPLEGATE,TECHNOLOGY,8.99
RUSSELL D'ASCENZO,FURNITURE,15.68
RUSSELL D'ASCENZO,OFFICE SUPPLIES,6.22
RUSSELL D'ASCENZO,TECHNOLOGY,0.99
RYAN AKIN,FURNITURE,8.55
RYAN AKIN,OFFICE SUPPLIES,5.48
RYAN AKIN,TECHNOLOGY,13.99
RYAN CROWE,FURNITURE,43.32
RYAN CROWE,OFFICE SUPPLIES,13.22
RYAN CROWE,TECHNOLOGY,19.99
SALLY HUGHSBY,FURNITURE,58.95
SALLY HUGHSBY,OFFICE SUPPLIES,19.99
SALLY HUGHSBY,TECHNOLOGY,8.99
SALLY KNUTSON,FURNITURE,69.0
SALLY KNUTSON,OFFICE SUPPLIES,35.0
SALLY KNUTSON,TECHNOLOGY,5.89
SALLY MATTHIAS,FURNITURE,69.64
SALLY MATTHIAS,OFFICE SUPPLIES,16.92
SALLY MATTHIAS,TECHNOLOGY,30.06
SAM CRAVEN,FURNITURE,18.06
SAM CRAVEN,OFFICE SUPPLIES,60.0
SAM CRAVEN,TECHNOLOGY,19.99
SAM ZELDIN,FURNITURE,89.3
SAM ZELDIN,OFFICE SUPPLIES,8.09
SAMPLE COMPANY A,TECHNOLOGY,4.2
SANDRA FLANAGAN,FURNITURE,43.75
SANDRA FLANAGAN,OFFICE SUPPLIES,6.22
SANDRA FLANAGAN,TECHNOLOGY,7.53
SANDRA GLASSCO,FURNITURE,29.1
SANDRA GLASSCO,OFFICE SUPPLIES,14.3
SANDRA GLASSCO,TECHNOLOGY,8.99
SANJIT CHAND,FURNITURE,56.2
SANJIT CHAND,OFFICE SUPPLIES,19.99
SANJIT CHAND,TECHNOLOGY,24.49
SANJIT ENGLE,FURNITURE,6.68
SANJIT ENGLE,OFFICE SUPPLIES,5.14
SANJIT ENGLE,TECHNOLOGY,14.7
SANJIT JACOBS,FURNITURE,54.12
SANJIT JACOBS,OFFICE SUPPLIES,19.99
SANJIT JACOBS,TECHNOLOGY,6.5
SAPHHIRA SHIFLEY,FURNITURE,26.0
SAPHHIRA SHIFLEY,OFFICE SUPPLIES,19.99
SAPHHIRA SHIFLEY,TECHNOLOGY,5.92
SARA LUXEMBURG,FURNITURE,36.61
SARA LUXEMBURG,OFFICE SUPPLIES,60.0
SARA LUXEMBURG,TECHNOLOGY,56.14
SARAH BERN,OFFICE SUPPLIES,6.97
SARAH BERN,TECHNOLOGY,1.99
SARAH BROWN,FURNITURE,5.16
SARAH BROWN,OFFICE SUPPLIES,7.37
SARAH BROWN,TECHNOLOGY,17.85
SARAH FOSTER,FURNITURE,42.0
SARAH FOSTER,OFFICE SUPPLIES,8.99
SARAH FOSTER,TECHNOLOGY,4.0
SARAH JORDON,FURNITURE,8.99
SARAH JORDON,OFFICE SUPPLIES,35.0
SARAH JORDON,TECHNOLOGY,56.14
SCOT CORAM,FURNITURE,89.3
SCOT CORAM,OFFICE SUPPLIES,35.0
SCOT CORAM,TECHNOLOGY,56.14
SCOT WOOTEN,FURNITURE,6.92
SCOT WOOTEN,OFFICE SUPPLIES,13.89
SCOTT COHEN,FURNITURE,75.23
SCOTT COHEN,OFFICE SUPPLIES,8.99
SCOTT COHEN,TECHNOLOGY,56.14
SCOTT WILLIAMSON,OFFICE SUPPLIES,8.73
SEAN BRAXTON,FURNITURE,58.92
SEAN BRAXTON,OFFICE SUPPLIES,19.99
SEAN BRAXTON,TECHNOLOGY,8.08
SEAN CHRISTENSEN,OFFICE SUPPLIES,6.18
SEAN CHRISTENSEN,TECHNOLOGY,14.7
SEAN MILLER,FURNITURE,69.55
SEAN MILLER,OFFICE SUPPLIES,7.69
SEAN MILLER,TECHNOLOGY,24.49
SEAN O'DONNELL,FURNITURE,24.49
SEAN O'DONNELL,OFFICE SUPPLIES,19.99
SEAN O'DONNELL,TECHNOLOGY,8.99
SEAN WENDT,FURNITURE,6.02
SEAN WENDT,OFFICE SUPPLIES,99.0
SEAN WENDT,TECHNOLOGY,8.99
SETH VERNON,FURNITURE,35.84
SETH VERNON,OFFICE SUPPLIES,9.03
SETH VERNON,TECHNOLOGY,24.49
SHAHID COLLISTER,OFFICE SUPPLIES,7.69
SHAHID COLLISTER,TECHNOLOGY,8.99
SHAHID HOPKINS,FURNITURE,35.84
SHAHID HOPKINS,OFFICE SUPPLIES,8.29
SHAHID HOPKINS,TECHNOLOGY,8.59
SHAHID SHARIARI,FURNITURE,84.84
SHAHID SHARIARI,OFFICE SUPPLIES,19.99
SHAHID SHARIARI,TECHNOLOGY,6.3
SHARELLE ROACH,OFFICE SUPPLIES,14.72
SHARELLE ROACH,TECHNOLOGY,0.99
SHAUN CHANCE,FURNITURE,55.81
SHAUN CHANCE,OFFICE SUPPLIES,53.03
SHAUN CHANCE,TECHNOLOGY,19.99
SHAUN WEIEN,OFFICE SUPPLIES,19.99
SHAUN WEIEN,TECHNOLOGY,8.99
SHERI GORDON,FURNITURE,39.25
SHERI GORDON,OFFICE SUPPLIES,24.49
SHERI GORDON,TECHNOLOGY,19.99
SHIRLEY DANIELS,OFFICE SUPPLIES,11.63
SHIRLEY DANIELS,TECHNOLOGY,16.63
SHIRLEY JACKSON,FURNITURE,14.45
SHIRLEY JACKSON,OFFICE SUPPLIES,10.68
SHIRLEY JACKSON,TECHNOLOGY,3.99
SHIRLEY SCHMIDT,FURNITURE,51.94
SHIRLEY SCHMIDT,OFFICE SUPPLIES,5.83
SHIRLEY SCHMIDT,TECHNOLOGY,4.0
SHUI TOM,OFFICE SUPPLIES,11.37
SHUI TOM,TECHNOLOGY,13.99
SIBELLA PARKS,FURNITURE,5.08
SIBELLA PARKS,OFFICE SUPPLIES,49.0
SIBELLA PARKS,TECHNOLOGY,8.99
SKYE NORLING,FURNITURE,14.37
SKYE NORLING,OFFICE SUPPLIES,19.99
SONIA COOLEY,FURNITURE,80.2
SONIA COOLEY,OFFICE SUPPLIES,13.26
SONIA SUNLEY,FURNITURE,58.92
SONIA SUNLEY,OFFICE SUPPLIES,68.02
SONIA SUNLEY,TECHNOLOGY,19.99
SPEROS GORANITIS,FURNITURE,40.19
SPEROS GORANITIS,OFFICE SUPPLIES,16.36
STEFANIA PERRINO,FURNITURE,30.0
STEFANIA PERRINO,OFFICE SUPPLIES,14.72
STEFANIA PERRINO,TECHNOLOGY,28.14
STEFANIE HOLLOMAN,FURNITURE,85.63
STEFANIE HOLLOMAN,TECHNOLOGY,7.12
STEPHANIE PHELPS,FURNITURE,30.0
STEPHANIE PHELPS,OFFICE SUPPLIES,19.99
STEPHANIE PHELPS,TECHNOLOGY,24.49
STEPHANIE ULPRIGHT,FURNITURE,110.2
STEPHANIE ULPRIGHT,OFFICE SUPPLIES,19.99
STEPHANIE ULPRIGHT,TECHNOLOGY,4.0
STEVE CARROLL,FURNITURE,30.0
STEVE CARROLL,OFFICE SUPPLIES,6.27
STEVE CARROLL,TECHNOLOGY,4.0
STEVE CHAPMAN,FURNITURE,59.81
STEVE CHAPMAN,OFFICE SUPPLIES,8.83
STEVE CHAPMAN,TECHNOLOGY,19.99
STEVE NGUYEN,FURNITURE,32.18
STEVE NGUYEN,OFFICE SUPPLIES,19.99
STEVE NGUYEN,TECHNOLOGY,7.18
STEVEN CARTWRIGHT,FURNITURE,14.36
STEVEN CARTWRIGHT,OFFICE SUPPLIES,1.29
STEVEN CARTWRIGHT,TECHNOLOGY,28.06
STEVEN ROELLE,FURNITURE,69.64
STEVEN ROELLE,OFFICE SUPPLIES,49.0
STEVEN ROELLE,TECHNOLOGY,13.99
STEVEN WARD,FURNITURE,15.68
STEVEN WARD,OFFICE SUPPLIES,19.99
STEVEN WARD,TECHNOLOGY,28.14
STEWART CARMICHAEL,OFFICE SUPPLIES,19.99
STEWART VISINSKY,FURNITURE,30.0
STEWART VISINSKY,OFFICE SUPPLIES,5.41
STEWART VISINSKY,TECHNOLOGY,7.69
STUART CALHOUN,FURNITURE,62.74
STUART CALHOUN,OFFICE SUPPLIES,9.68
STUART CALHOUN,TECHNOLOGY,7.69
STUART VAN,FURNITURE,4.0
STUART VAN,OFFICE SUPPLIES,35.0
SUE ANN REED,FURNITURE,24.49
SUE ANN REED,OFFICE SUPPLIES,7.17
SUE ANN REED,TECHNOLOGY,5.0
SUNG CHUNG,OFFICE SUPPLIES,19.99
SUNG CHUNG,TECHNOLOGY,4.2
SUNG PAK,FURNITURE,74.35
SUNG PAK,OFFICE SUPPLIES,19.99
SUNG PAK,TECHNOLOGY,17.85
SUNG SHARIARI,FURNITURE,13.99
SUNG SHARIARI,OFFICE SUPPLIES,14.72
SUNG SHARIARI,TECHNOLOGY,1.99
SUSAN GILCREST,OFFICE SUPPLIES,7.3
SUSAN GILCREST,TECHNOLOGY,2.5
SUSAN MACKENDRICK,FURNITURE,8.66
SUSAN MACKENDRICK,OFFICE SUPPLIES,55.24
SUSAN MACKENDRICK,TECHNOLOGY,17.85
SUSAN PISTEK,FURNITURE,43.75
SUSAN PISTEK,OFFICE SUPPLIES,19.99
SUSAN PISTEK,TECHNOLOGY,24.49
SUSAN VITTORINI,OFFICE SUPPLIES,42.52
SUSAN VITTORINI,TECHNOLOGY,26.3
SUZANNE MCNAIR,FURNITURE,69.64
SUZANNE MCNAIR,OFFICE SUPPLIES,24.49
SUZANNE MCNAIR,TECHNOLOGY,14.7
SYLVIA FOULSTON,FURNITURE,81.98
SYLVIA FOULSTON,OFFICE SUPPLIES,19.99
SYLVIA FOULSTON,TECHNOLOGY,13.99
TAMARA CHAND,FURNITURE,58.64
TAMARA CHAND,OFFICE SUPPLIES,35.0
TAMARA CHAND,TECHNOLOGY,1.99
TAMARA DAHLEN,FURNITURE,18.98
TAMARA DAHLEN,OFFICE SUPPLIES,6.27
TAMARA DAHLEN,TECHNOLOGY,29.7
TAMARA MANNING,FURNITURE,89.3
TAMARA MANNING,OFFICE SUPPLIES,35.0
TAMARA MANNING,TECHNOLOGY,17.86
TAMARA WILLINGHAM,FURNITURE,69.64
TAMARA WILLINGHAM,OFFICE SUPPLIES,7.42
TAMARA WILLINGHAM,TECHNOLOGY,8.99
TANJA NORVELL,FURNITURE,58.72
TANJA NORVELL,OFFICE SUPPLIES,49.0
TANJA NORVELL,TECHNOLOGY,13.99
TED BUTTERFIELD,FURNITURE,5.92
TED BUTTERFIELD,TECHNOLOGY,5.63
TED TREVINO,FURNITURE,41.91
TED TREVINO,OFFICE SUPPLIES,2.99
TED TREVINO,TECHNOLOGY,4.9
THAIS SISSMAN,FURNITURE,57.0
THAIS SISSMAN,OFFICE SUPPLIES,35.0
THAIS SISSMAN,TECHNOLOGY,8.65
THEA HENDRICKS,FURNITURE,50.0
THEA HENDRICKS,OFFICE SUPPLIES,19.99
THEA HENDRICKS,TECHNOLOGY,8.99
THEA HUDGINGS,FURNITURE,36.61
THEA HUDGINGS,OFFICE SUPPLIES,10.39
THEA HUDGINGS,TECHNOLOGY,6.5
THEONE PIPPENGER,FURNITURE,89.3
THEONE PIPPENGER,OFFICE SUPPLIES,9.86
THEONE PIPPENGER,TECHNOLOGY,33.6
THERESA COYNE,FURNITURE,35.02
THERESA COYNE,OFFICE SUPPLIES,6.72
THERESA SWINT,FURNITURE,69.0
THERESA SWINT,OFFICE SUPPLIES,19.99
THERESA SWINT,TECHNOLOGY,4.99
THOMAS BOLAND,FURNITURE,30.0
THOMAS BOLAND,OFFICE SUPPLIES,7.19
THOMAS BOLAND,TECHNOLOGY,19.99
THOMAS BRUMLEY,FURNITURE,48.2
THOMAS BRUMLEY,OFFICE SUPPLIES,8.18
THOMAS BRUMLEY,TECHNOLOGY,8.8
THOMAS SEIO,FURNITURE,54.11
THOMAS SEIO,OFFICE SUPPLIES,6.97
THOMAS SEIO,TECHNOLOGY,19.99
THOMAS THORNTON,FURNITURE,8.99
THOMAS THORNTON,OFFICE SUPPLIES,13.99
THOMAS THORNTON,TECHNOLOGY,5.5
TIFFANY HOUSE,OFFICE SUPPLIES,2.03
TIFFANY HOUSE,TECHNOLOGY,5.5
TIM BROCKMAN,FURNITURE,36.09
TIM BROCKMAN,OFFICE SUPPLIES,19.99
TIM BROCKMAN,TECHNOLOGY,5.0
TIM TASLIMI,FURNITURE,7.94
TIM TASLIMI,OFFICE SUPPLIES,19.99
TIM TASLIMI,TECHNOLOGY,56.14
TOBY BRAUNHARDT,OFFICE SUPPLIES,0.5
TOBY BRAUNHARDT,TECHNOLOGY,2.5
TOBY CARLISLE,FURNITURE,2.83
TOBY CARLISLE,OFFICE SUPPLIES,6.6
TOBY CARLISLE,TECHNOLOGY,24.49
TOBY GRACE,FURNITURE,2.03
TOBY GRACE,OFFICE SUPPLIES,19.99
TOBY GRACE,TECHNOLOGY,15.59
TOBY KNIGHT,OFFICE SUPPLIES,5.08
TOBY KNIGHT,TECHNOLOGY,8.99
TOBY SWINDELL,FURNITURE,36.61
TOBY SWINDELL,OFFICE SUPPLIES,68.02
TOBY SWINDELL,TECHNOLOGY,19.99
TODD BOYES,FURNITURE,126.0
TODD BOYES,OFFICE SUPPLIES,8.22
TODD BOYES,TECHNOLOGY,14.0
TODD SUMRALL,FURNITURE,24.49
TODD SUMRALL,OFFICE SUPPLIES,16.36
TODD SUMRALL,TECHNOLOGY,1.25
TOM ASHBROOK,FURNITURE,11.54
TOM ASHBROOK,OFFICE SUPPLIES,35.0
TOM ASHBROOK,TECHNOLOGY,8.99
TOM BOECKENHAUER,FURNITURE,51.94
TOM BOECKENHAUER,OFFICE SUPPLIES,5.15
TOM BOECKENHAUER,TECHNOLOGY,8.08
TOM PRESCOTT,FURNITURE,43.75
TOM PRESCOTT,OFFICE SUPPLIES,5.47
TOM PRESCOTT,TECHNOLOGY,5.5
TOM STIVERS,FURNITURE,26.74
TOM STIVERS,OFFICE SUPPLIES,8.19
TOM STIVERS,TECHNOLOGY,8.08
TOM ZANDUSKY,FURNITURE,57.38
TOM ZANDUSKY,OFFICE SUPPLIES,9.71
TOM ZANDUSKY,TECHNOLOGY,3.61
TONJA TURNELL,FURNITURE,75.23
TONJA TURNELL,OFFICE SUPPLIES,8.73
TONJA TURNELL,TECHNOLOGY,24.49
TONY CHAPMAN,FURNITURE,24.49
TONY CHAPMAN,OFFICE SUPPLIES,19.99
TONY CHAPMAN,TECHNOLOGY,24.49
TONY MOLINARI,FURNITURE,70.2
TONY MOLINARI,OFFICE SUPPLIES,11.59
TONY SAYRE,FURNITURE,39.61
TONY SAYRE,OFFICE SUPPLIES,19.99
TONY SAYRE,TECHNOLOGY,24.49
TRACY BLUMSTEIN,FURNITURE,57.4
TRACY BLUMSTEIN,OFFICE SUPPLIES,35.0
TRACY BLUMSTEIN,TECHNOLOGY,7.69
TRACY COLLINS,FURNITURE,51.92
TRACY COLLINS,OFFICE SUPPLIES,19.99
TRACY COLLINS,TECHNOLOGY,8.08
TRACY HOPKINS,OFFICE SUPPLIES,19.99
TRACY HOPKINS,TECHNOLOGY,8.8
TRACY PODDAR,FURNITURE,39.25
TRACY PODDAR,OFFICE SUPPLIES,9.83
TRACY PODDAR,TECHNOLOGY,8.65
TRACY ZIC,FURNITURE,62.74
TRACY ZIC,OFFICE SUPPLIES,19.99
TRACY ZIC,TECHNOLOGY,8.51
TROY BLACKWELL,FURNITURE,64.73
TROY BLACKWELL,OFFICE SUPPLIES,23.19
TROY BLACKWELL,TECHNOLOGY,8.99
TROY STAEBEL,FURNITURE,70.2
TROY STAEBEL,OFFICE SUPPLIES,60.0
TROY STAEBEL,TECHNOLOGY,5.76
TRUDY BELL,OFFICE SUPPLIES,8.29
TRUDY BELL,TECHNOLOGY,0.99
TRUDY BROWN,FURNITURE,2.83
TRUDY BROWN,OFFICE SUPPLIES,24.49
TRUDY SCHMIDT,FURNITURE,30.0
TRUDY SCHMIDT,OFFICE SUPPLIES,6.86
TRUDY SCHMIDT,TECHNOLOGY,4.0
VALERIE DOMINGUEZ,OFFICE SUPPLIES,5.44
VALERIE DOMINGUEZ,TECHNOLOGY,14.52
VALERIE MITCHUM,OFFICE SUPPLIES,8.99
VALERIE MITCHUM,TECHNOLOGY,26.3
VALERIE TAKAHITO,FURNITURE,44.55
VALERIE TAKAHITO,OFFICE SUPPLIES,11.63
VALERIE TAKAHITO,TECHNOLOGY,8.99
VICKY FREYMANN,FURNITURE,60.0
VICKY FREYMANN,OFFICE SUPPLIES,6.25
VICKY FREYMANN,TECHNOLOGY,19.99
VICTOR PRICE,FURNITURE,4.95
VICTOR PRICE,OFFICE SUPPLIES,6.16
VICTOR PRICE,TECHNOLOGY,26.3
VICTORIA BRENNAN,FURNITURE,10.84
VICTORIA BRENNAN,OFFICE SUPPLIES,55.24
VICTORIA BRENNAN,TECHNOLOGY,12.14
VICTORIA PISTEKA,FURNITURE,30.0
VICTORIA PISTEKA,OFFICE SUPPLIES,9.45
VICTORIA PISTEKA,TECHNOLOGY,7.51
VICTORIA WILSON,FURNITURE,147.12
VICTORIA WILSON,OFFICE SUPPLIES,35.0
VICTORIA WILSON,TECHNOLOGY,24.49
VIVEK GONZALEZ,OFFICE SUPPLIES,99.0
VIVEK GRADY,FURNITURE,70.2
VIVEK GRADY,OFFICE SUPPLIES,35.0
VIVEK GRADY,TECHNOLOGY,33.6
VIVEK SUNDARESAM,FURNITURE,57.38
VIVEK SUNDARESAM,OFFICE SUPPLIES,10.75
VIVEK SUNDARESAM,TECHNOLOGY,4.0
VIVIAN MATHIS,FURNITURE,66.67
VIVIAN MATHIS,OFFICE SUPPLIES,13.22
VIVIAN MATHIS,TECHNOLOGY,12.14
WILLIAM BROWN,FURNITURE,64.73
WILLIAM BROWN,OFFICE SUPPLIES,19.99
WILLIAM BROWN,TECHNOLOGY,24.49
XYLONA PRICE,FURNITURE,48.2
XYLONA PRICE,OFFICE SUPPLIES,35.0
XYLONA PRICE,TECHNOLOGY,8.99
YANA SORENSEN,OFFICE SUPPLIES,7.78
YOSEPH CARROLL,FURNITURE,30.0
YOSEPH CARROLL,OFFICE SUPPLIES,8.37
YOSEPH CARROLL,TECHNOLOGY,7.69
